file,line,type,commit,author,date,time,timezone,datetime,depth,length
style.css,1,css,9c59234a,JingJun,2025-01-15,07:14:25,-03:00,2025-01-15T07:14:25-03:00,0,5
style.css,2,css,9c59234a,JingJun,2025-01-15,07:14:25,-03:00,2025-01-15T07:14:25-03:00,0,33
style.css,3,css,9c59234a,JingJun,2025-01-15,07:14:25,-03:00,2025-01-15T07:14:25-03:00,0,33
style.css,4,css,7d68fb65,JingJun,2025-01-24,06:26:42,-03:00,2025-01-24T06:26:42-03:00,0,18
style.css,5,css,9c59234a,JingJun,2025-01-15,07:14:25,-03:00,2025-01-15T07:14:25-03:00,0,0
style.css,6,css,9c59234a,JingJun,2025-01-15,07:14:25,-03:00,2025-01-15T07:14:25-03:00,0,0
style.css,7,css,278c1c96,JingJun,2025-01-24,09:30:54,-03:00,2025-01-24T09:30:54-03:00,0,13
style.css,8,css,278c1c96,JingJun,2025-01-24,09:30:54,-03:00,2025-01-24T09:30:54-03:00,0,18
style.css,9,css,278c1c96,JingJun,2025-01-24,09:30:54,-03:00,2025-01-24T09:30:54-03:00,0,11
style.css,10,css,278c1c96,JingJun,2025-01-24,09:30:54,-03:00,2025-01-24T09:30:54-03:00,0,8
style.css,11,css,278c1c96,JingJun,2025-01-24,09:30:54,-03:00,2025-01-24T09:30:54-03:00,0,14
style.css,12,css,278c1c96,JingJun,2025-01-24,09:30:54,-03:00,2025-01-24T09:30:54-03:00,0,0
style.css,13,css,278c1c96,JingJun,2025-01-24,09:30:54,-03:00,2025-01-24T09:30:54-03:00,0,0
style.css,14,css,278c1c96,JingJun,2025-01-24,09:30:54,-03:00,2025-01-24T09:30:54-03:00,0,0
style.css,15,css,7d68fb65,JingJun,2025-01-24,06:26:42,-03:00,2025-01-24T06:26:42-03:00,0,0
style.css,16,css,44ab870b,JingJun,2025-01-10,01:36:05,-03:00,2025-01-10T01:36:05-03:00,0,5
style.css,17,css,44ab870b,JingJun,2025-01-10,01:36:05,-03:00,2025-01-10T01:36:05-03:00,0,44
style.css,18,css,44ab870b,JingJun,2025-01-10,01:36:05,-03:00,2025-01-10T01:36:05-03:00,0,43
style.css,19,css,44ab870b,JingJun,2025-01-10,01:36:05,-03:00,2025-01-10T01:36:05-03:00,0,1
style.css,20,css,44ab870b,JingJun,2025-01-10,01:36:05,-03:00,2025-01-10T01:36:05-03:00,0,24
style.css,21,css,54a4d772,JingJun,2025-01-15,05:08:14,-03:00,2025-01-15T05:08:14-03:00,0,15
style.css,22,css,54a4d772,JingJun,2025-01-15,05:08:14,-03:00,2025-01-15T05:08:14-03:00,0,19
style.css,23,css,54a4d772,JingJun,2025-01-15,05:08:14,-03:00,2025-01-15T05:08:14-03:00,0,12
style.css,24,css,112f13e3,JingJun,2025-01-15,04:43:36,-03:00,2025-01-15T04:43:36-03:00,0,0
style.css,25,css,112f13e3,JingJun,2025-01-15,04:43:36,-03:00,2025-01-15T04:43:36-03:00,0,0
style.css,26,css,112f13e3,JingJun,2025-01-15,04:43:36,-03:00,2025-01-15T04:43:36-03:00,0,4
style.css,27,css,112f13e3,JingJun,2025-01-15,04:43:36,-03:00,2025-01-15T04:43:36-03:00,0,13
style.css,28,css,54a4d772,JingJun,2025-01-15,05:08:14,-03:00,2025-01-15T05:08:14-03:00,0,18
style.css,29,css,54a4d772,JingJun,2025-01-15,05:08:14,-03:00,2025-01-15T05:08:14-03:00,0,24
style.css,30,css,54a4d772,JingJun,2025-01-15,05:08:14,-03:00,2025-01-15T05:08:14-03:00,0,26
style.css,31,css,9c59234a,JingJun,2025-01-15,07:14:25,-03:00,2025-01-15T07:14:25-03:00,0,38
style.css,32,css,7d68fb65,JingJun,2025-01-24,06:26:42,-03:00,2025-01-24T06:26:42-03:00,0,40
style.css,33,css,7d68fb65,JingJun,2025-01-24,06:26:42,-03:00,2025-01-24T06:26:42-03:00,0,40
style.css,34,css,9c59234a,JingJun,2025-01-15,07:14:25,-03:00,2025-01-15T07:14:25-03:00,0,0
style.css,35,css,9c59234a,JingJun,2025-01-15,07:14:25,-03:00,2025-01-15T07:14:25-03:00,0,0
style.css,36,css,9c59234a,JingJun,2025-01-15,07:14:25,-03:00,2025-01-15T07:14:25-03:00,0,11
style.css,37,css,9c59234a,JingJun,2025-01-15,07:14:25,-03:00,2025-01-15T07:14:25-03:00,0,44
style.css,38,css,9c59234a,JingJun,2025-01-15,07:14:25,-03:00,2025-01-15T07:14:25-03:00,0,58
style.css,39,css,7d68fb65,JingJun,2025-01-24,06:26:42,-03:00,2025-01-24T06:26:42-03:00,0,70
style.css,40,css,112f13e3,JingJun,2025-01-15,04:43:36,-03:00,2025-01-15T04:43:36-03:00,0,0
style.css,41,css,112f13e3,JingJun,2025-01-15,04:43:36,-03:00,2025-01-15T04:43:36-03:00,0,2
style.css,42,css,112f13e3,JingJun,2025-01-15,04:43:36,-03:00,2025-01-15T04:43:36-03:00,0,7
style.css,43,css,54a4d772,JingJun,2025-01-15,05:08:14,-03:00,2025-01-15T05:08:14-03:00,0,21
style.css,44,css,54a4d772,JingJun,2025-01-15,05:08:14,-03:00,2025-01-15T05:08:14-03:00,0,14
style.css,45,css,54a4d772,JingJun,2025-01-15,05:08:14,-03:00,2025-01-15T05:08:14-03:00,0,18
style.css,46,css,54a4d772,JingJun,2025-01-15,05:08:14,-03:00,2025-01-15T05:08:14-03:00,0,14
style.css,47,css,b933b4e9,JingJun,2025-01-15,06:37:30,-03:00,2025-01-15T06:37:30-03:00,0,0
style.css,48,css,b933b4e9,JingJun,2025-01-15,06:37:30,-03:00,2025-01-15T06:37:30-03:00,0,0
style.css,49,css,b933b4e9,JingJun,2025-01-15,06:37:30,-03:00,2025-01-15T06:37:30-03:00,0,18
style.css,50,css,7d68fb65,JingJun,2025-01-24,06:26:42,-03:00,2025-01-24T06:26:42-03:00,0,70
style.css,51,css,9557f1d9,JingJun,2025-01-15,05:13:15,-03:00,2025-01-15T05:13:15-03:00,0,0
style.css,52,css,cb88d5e6,JingJun,2025-01-31,09:50:07,-03:00,2025-01-31T09:50:07-03:00,0,4
style.css,53,css,cb88d5e6,JingJun,2025-01-31,09:50:07,-03:00,2025-01-31T09:50:07-03:00,0,34
style.css,54,css,cb88d5e6,JingJun,2025-01-31,09:50:07,-03:00,2025-01-31T09:50:07-03:00,0,35
style.css,55,css,cb88d5e6,JingJun,2025-01-31,09:50:07,-03:00,2025-01-31T09:50:07-03:00,0,0
index.js,1,js,4c24dc04,JingJun,2025-01-31,08:03:20,-03:00,2025-01-31T08:03:20-03:00,0,11
index.js,2,js,4c24dc04,JingJun,2025-01-31,08:03:20,-03:00,2025-01-31T08:03:20-03:00,0,70
index.js,3,js,4c24dc04,JingJun,2025-01-31,08:03:20,-03:00,2025-01-31T08:03:20-03:00,0,55
index.js,4,js,4c24dc04,JingJun,2025-01-31,08:03:20,-03:00,2025-01-31T08:03:20-03:00,0,42
index.js,5,js,4c24dc04,JingJun,2025-01-31,08:03:20,-03:00,2025-01-31T08:03:20-03:00,0,0
index.js,6,js,4c24dc04,JingJun,2025-01-31,08:03:20,-03:00,2025-01-31T08:03:20-03:00,0,61
index.js,7,js,4c24dc04,JingJun,2025-01-31,08:03:20,-03:00,2025-01-31T08:03:20-03:00,0,69
index.js,8,js,4c24dc04,JingJun,2025-01-31,08:03:20,-03:00,2025-01-31T08:03:20-03:00,0,0
index.js,9,js,ae8e958b,JingJun,2025-01-31,10:06:34,-03:00,2025-01-31T10:06:34-03:00,0,0
index.js,10,js,ae8e958b,JingJun,2025-01-31,10:06:34,-03:00,2025-01-31T10:06:34-03:00,0,0
index.js,11,js,4c24dc04,JingJun,2025-01-31,08:03:20,-03:00,2025-01-31T08:03:20-03:00,0,13
index.js,12,js,4c24dc04,JingJun,2025-01-31,08:03:20,-03:00,2025-01-31T08:03:20-03:00,0,53
index.js,13,js,4c24dc04,JingJun,2025-01-31,08:03:20,-03:00,2025-01-31T08:03:20-03:00,0,0
index.js,14,js,4c24dc04,JingJun,2025-01-31,08:03:20,-03:00,2025-01-31T08:03:20-03:00,0,61
index.js,15,js,4c24dc04,JingJun,2025-01-31,08:03:20,-03:00,2025-01-31T08:03:20-03:00,0,17
index.js,16,js,4c24dc04,JingJun,2025-01-31,08:03:20,-03:00,2025-01-31T08:03:20-03:00,0,25
index.js,17,js,4c24dc04,JingJun,2025-01-31,08:03:20,-03:00,2025-01-31T08:03:20-03:00,0,3
index.js,18,js,4c24dc04,JingJun,2025-01-31,08:03:20,-03:00,2025-01-31T08:03:20-03:00,0,62
index.js,19,js,4c24dc04,JingJun,2025-01-31,08:03:20,-03:00,2025-01-31T08:03:20-03:00,0,3
index.js,20,js,4c24dc04,JingJun,2025-01-31,08:03:20,-03:00,2025-01-31T08:03:20-03:00,0,62
index.js,21,js,4c24dc04,JingJun,2025-01-31,08:03:20,-03:00,2025-01-31T08:03:20-03:00,0,3
index.js,22,js,4c24dc04,JingJun,2025-01-31,08:03:20,-03:00,2025-01-31T08:03:20-03:00,0,54
index.js,23,js,4c24dc04,JingJun,2025-01-31,08:03:20,-03:00,2025-01-31T08:03:20-03:00,0,3
index.js,24,js,4c24dc04,JingJun,2025-01-31,08:03:20,-03:00,2025-01-31T08:03:20-03:00,0,55
index.js,25,js,4c24dc04,JingJun,2025-01-31,08:03:20,-03:00,2025-01-31T08:03:20-03:00,0,1
index.js,26,js,4c24dc04,JingJun,2025-01-31,08:03:20,-03:00,2025-01-31T08:03:20-03:00,0,0
index.html,1,html,cbbfe0f9,JingJun,2025-01-09,23:29:36,-03:00,2025-01-09T23:29:36-03:00,0,14
index.html,2,html,5e99c81b,JingJun,2025-01-24,06:36:15,-03:00,2025-01-24T06:36:15-03:00,0,28
index.html,3,html,cbbfe0f9,JingJun,2025-01-09,23:29:36,-03:00,2025-01-09T23:29:36-03:00,0,5
index.html,4,html,cbbfe0f9,JingJun,2025-01-09,23:29:36,-03:00,2025-01-09T23:29:36-03:00,0,21
index.html,5,html,cbbfe0f9,JingJun,2025-01-09,23:29:36,-03:00,2025-01-09T23:29:36-03:00,0,69
index.html,6,html,cbbfe0f9,JingJun,2025-01-09,23:29:36,-03:00,2025-01-09T23:29:36-03:00,0,53
index.html,7,html,44ab870b,JingJun,2025-01-10,01:36:05,-03:00,2025-01-10T01:36:05-03:00,0,61
index.html,8,html,69e246b2,JingJun,2025-01-23,23:00:58,-03:00,2025-01-23T23:00:58-03:00,0,48
index.html,9,html,4c24dc04,JingJun,2025-01-31,08:03:20,-03:00,2025-01-31T08:03:20-03:00,0,53
index.html,10,html,278c1c96,JingJun,2025-01-24,09:30:54,-03:00,2025-01-24T09:30:54-03:00,0,3
index.html,11,html,7d68fb65,JingJun,2025-01-24,06:26:42,-03:00,2025-01-24T06:26:42-03:00,0,33
index.html,12,html,5e99c81b,JingJun,2025-01-24,06:36:15,-03:00,2025-01-24T06:36:15-03:00,0,7
index.html,13,html,5e99c81b,JingJun,2025-01-24,06:36:15,-03:00,2025-01-24T06:36:15-03:00,0,45
index.html,14,html,5e99c81b,JingJun,2025-01-24,06:36:15,-03:00,2025-01-24T06:36:15-03:00,0,37
index.html,15,html,5e99c81b,JingJun,2025-01-24,06:36:15,-03:00,2025-01-24T06:36:15-03:00,0,35
index.html,16,html,5e99c81b,JingJun,2025-01-24,06:36:15,-03:00,2025-01-24T06:36:15-03:00,0,8
index.html,17,html,278c1c96,JingJun,2025-01-24,09:30:54,-03:00,2025-01-24T09:30:54-03:00,0,10
index.html,18,html,67574223,JingJun,2025-01-10,03:11:47,-03:00,2025-01-10T03:11:47-03:00,0,0
index.html,19,html,0d21bfc0,JingJun,2025-01-24,03:17:56,-03:00,2025-01-24T03:17:56-03:00,0,3
index.html,20,html,67574223,JingJun,2025-01-10,03:11:47,-03:00,2025-01-10T03:11:47-03:00,0,4
index.html,21,html,99002268,JingJun,2025-01-24,01:30:06,-03:00,2025-01-24T01:30:06-03:00,0,49
index.html,22,html,0d21bfc0,JingJun,2025-01-24,03:17:56,-03:00,2025-01-24T03:17:56-03:00,0,23
index.html,23,html,f63f2d36,JingJun,2025-01-10,04:19:37,-03:00,2025-01-10T04:19:37-03:00,0,57
index.html,24,html,f63f2d36,JingJun,2025-01-10,04:19:37,-03:00,2025-01-10T04:19:37-03:00,0,59
index.html,25,html,35cf4de1,JingJun,2025-01-10,06:10:59,-03:00,2025-01-10T06:10:59-03:00,0,51
index.html,26,html,0d21bfc0,JingJun,2025-01-24,03:17:56,-03:00,2025-01-24T03:17:56-03:00,0,9
index.html,27,html,4c24dc04,JingJun,2025-01-31,08:03:20,-03:00,2025-01-31T08:03:20-03:00,0,21
index.html,28,html,4c24dc04,JingJun,2025-01-31,08:03:20,-03:00,2025-01-31T08:03:20-03:00,0,29
index.html,29,html,67574223,JingJun,2025-01-10,03:11:47,-03:00,2025-01-10T03:11:47-03:00,0,0
index.html,30,html,cbbfe0f9,JingJun,2025-01-09,23:29:36,-03:00,2025-01-09T23:29:36-03:00,0,18
index.html,31,html,cbbfe0f9,JingJun,2025-01-09,23:29:36,-03:00,2025-01-09T23:29:36-03:00,0,51
index.html,32,html,d97d68e6,JingJun,2025-01-10,01:17:06,-03:00,2025-01-10T01:17:06-03:00,0,79
index.html,33,html,4c24dc04,JingJun,2025-01-31,08:03:20,-03:00,2025-01-31T08:03:20-03:00,0,6
index.html,34,html,9a13b645,JingJun,2025-01-15,03:55:47,-03:00,2025-01-15T03:55:47-03:00,0,0
index.html,35,html,4c24dc04,JingJun,2025-01-31,08:03:20,-03:00,2025-01-31T08:03:20-03:00,0,25
index.html,36,html,4c24dc04,JingJun,2025-01-31,08:03:20,-03:00,2025-01-31T08:03:20-03:00,0,21
index.html,37,html,4c24dc04,JingJun,2025-01-31,08:03:20,-03:00,2025-01-31T08:03:20-03:00,0,50
index.html,38,html,4c24dc04,JingJun,2025-01-31,08:03:20,-03:00,2025-01-31T08:03:20-03:00,0,5
index.html,39,html,30669d68,JingJun,2025-01-15,03:59:09,-03:00,2025-01-15T03:59:09-03:00,0,0
index.html,40,html,a351a12c,JingJun,2025-01-15,04:04:28,-03:00,2025-01-15T04:04:28-03:00,0,5
index.html,41,html,edc153e6,JingJun,2025-01-15,03:41:08,-03:00,2025-01-15T03:41:08-03:00,0,102
index.html,42,html,c8270b79,JingJun,2025-01-16,06:30:44,-03:00,2025-01-16T06:30:44-03:00,0,102
index.html,43,html,c8270b79,JingJun,2025-01-16,06:30:44,-03:00,2025-01-16T06:30:44-03:00,0,16
index.html,44,html,edc153e6,JingJun,2025-01-15,03:41:08,-03:00,2025-01-15T03:41:08-03:00,0,3
index.html,45,html,cbbfe0f9,JingJun,2025-01-09,23:29:36,-03:00,2025-01-09T23:29:36-03:00,0,6
index.html,46,html,cbbfe0f9,JingJun,2025-01-09,23:29:36,-03:00,2025-01-09T23:29:36-03:00,0,6
global.js,1,js,69e246b2,JingJun,2025-01-23,23:00:58,-03:00,2025-01-23T23:00:58-03:00,0,26
global.js,2,js,69e246b2,JingJun,2025-01-23,23:00:58,-03:00,2025-01-23T23:00:58-03:00,0,0
global.js,3,js,69e246b2,JingJun,2025-01-23,23:00:58,-03:00,2025-01-23T23:00:58-03:00,0,42
global.js,4,js,69e246b2,JingJun,2025-01-23,23:00:58,-03:00,2025-01-23T23:00:58-03:00,0,53
global.js,5,js,59cf4699,JingJun,2025-01-24,01:48:39,-03:00,2025-01-24T01:48:39-03:00,0,0
global.js,6,js,59cf4699,JingJun,2025-01-24,01:48:39,-03:00,2025-01-24T01:48:39-03:00,0,0
global.js,7,js,0d21bfc0,JingJun,2025-01-24,03:17:56,-03:00,2025-01-24T03:17:56-03:00,0,2
global.js,8,js,59cf4699,JingJun,2025-01-24,01:48:39,-03:00,2025-01-24T01:48:39-03:00,0,21
global.js,9,js,59cf4699,JingJun,2025-01-24,01:48:39,-03:00,2025-01-24T01:48:39-03:00,0,0
global.js,10,js,59cf4699,JingJun,2025-01-24,01:48:39,-03:00,2025-01-24T01:48:39-03:00,0,31
global.js,11,js,59cf4699,JingJun,2025-01-24,01:48:39,-03:00,2025-01-24T01:48:39-03:00,0,66
global.js,12,js,59cf4699,JingJun,2025-01-24,01:48:39,-03:00,2025-01-24T01:48:39-03:00,0,1
global.js,13,js,59cf4699,JingJun,2025-01-24,01:48:39,-03:00,2025-01-24T01:48:39-03:00,0,0
global.js,14,js,59cf4699,JingJun,2025-01-24,01:48:39,-03:00,2025-01-24T01:48:39-03:00,0,17
global.js,15,js,59cf4699,JingJun,2025-01-24,01:48:39,-03:00,2025-01-24T01:48:39-03:00,0,36
global.js,16,js,0d21bfc0,JingJun,2025-01-24,03:17:56,-03:00,2025-01-24T03:17:56-03:00,0,4
global.js,17,js,0d21bfc0,JingJun,2025-01-24,03:17:56,-03:00,2025-01-24T03:17:56-03:00,0,0
global.js,18,js,0d21bfc0,JingJun,2025-01-24,03:17:56,-03:00,2025-01-24T03:17:56-03:00,0,12
global.js,19,js,7d68fb65,JingJun,2025-01-24,06:26:42,-03:00,2025-01-24T06:26:42-03:00,0,34
global.js,20,js,7d68fb65,JingJun,2025-01-24,06:26:42,-03:00,2025-01-24T06:26:42-03:00,0,45
global.js,21,js,7d68fb65,JingJun,2025-01-24,06:26:42,-03:00,2025-01-24T06:26:42-03:00,0,47
global.js,22,js,7d68fb65,JingJun,2025-01-24,06:26:42,-03:00,2025-01-24T06:26:42-03:00,0,39
global.js,23,js,e4a770ac,JingJun,2025-02-14,16:29:08,-03:00,2025-02-14T16:29:08-03:00,0,39
global.js,24,js,6a58a7fa,JingJun,2025-01-24,06:53:07,-03:00,2025-01-24T06:53:07-03:00,0,53
global.js,25,js,0d21bfc0,JingJun,2025-01-24,03:17:56,-03:00,2025-01-24T03:17:56-03:00,0,0
global.js,26,js,0d21bfc0,JingJun,2025-01-24,03:17:56,-03:00,2025-01-24T03:17:56-03:00,0,0
global.js,27,js,278c1c96,JingJun,2025-01-24,09:30:54,-03:00,2025-01-24T09:30:54-03:00,0,0
global.js,28,js,278c1c96,JingJun,2025-01-24,09:30:54,-03:00,2025-01-24T09:30:54-03:00,0,0
global.js,29,js,278c1c96,JingJun,2025-01-24,09:30:54,-03:00,2025-01-24T09:30:54-03:00,0,0
global.js,30,js,0d21bfc0,JingJun,2025-01-24,03:17:56,-03:00,2025-01-24T03:17:56-03:00,0,39
global.js,31,js,0d21bfc0,JingJun,2025-01-24,03:17:56,-03:00,2025-01-24T03:17:56-03:00,0,26
global.js,32,js,0d21bfc0,JingJun,2025-01-24,03:17:56,-03:00,2025-01-24T03:17:56-03:00,0,0
global.js,33,js,0d21bfc0,JingJun,2025-01-24,03:17:56,-03:00,2025-01-24T03:17:56-03:00,0,20
global.js,34,js,0d21bfc0,JingJun,2025-01-24,03:17:56,-03:00,2025-01-24T03:17:56-03:00,0,15
global.js,35,js,0d21bfc0,JingJun,2025-01-24,03:17:56,-03:00,2025-01-24T03:17:56-03:00,0,19
global.js,36,js,f5943de5,JingJun,2025-01-24,04:26:30,-03:00,2025-01-24T04:26:30-03:00,0,71
global.js,37,js,f5943de5,JingJun,2025-01-24,04:26:30,-03:00,2025-01-24T04:26:30-03:00,0,44
global.js,38,js,f5943de5,JingJun,2025-01-24,04:26:30,-03:00,2025-01-24T04:26:30-03:00,0,17
global.js,39,js,f5943de5,JingJun,2025-01-24,04:26:30,-03:00,2025-01-24T04:26:30-03:00,0,0
global.js,40,js,5e99c81b,JingJun,2025-01-24,06:36:15,-03:00,2025-01-24T06:36:15-03:00,0,15
global.js,41,js,f5943de5,JingJun,2025-01-24,04:26:30,-03:00,2025-01-24T04:26:30-03:00,0,74
global.js,42,js,f5943de5,JingJun,2025-01-24,04:26:30,-03:00,2025-01-24T04:26:30-03:00,0,35
global.js,43,js,f5943de5,JingJun,2025-01-24,04:26:30,-03:00,2025-01-24T04:26:30-03:00,0,12
global.js,44,js,f5943de5,JingJun,2025-01-24,04:26:30,-03:00,2025-01-24T04:26:30-03:00,0,21
global.js,45,js,f5943de5,JingJun,2025-01-24,04:26:30,-03:00,2025-01-24T04:26:30-03:00,0,0
global.js,46,js,f5943de5,JingJun,2025-01-24,04:26:30,-03:00,2025-01-24T04:26:30-03:00,0,66
global.js,47,js,f5943de5,JingJun,2025-01-24,04:26:30,-03:00,2025-01-24T04:26:30-03:00,0,26
global.js,48,js,f5943de5,JingJun,2025-01-24,04:26:30,-03:00,2025-01-24T04:26:30-03:00,0,0
global.js,49,js,6a58a7fa,JingJun,2025-01-24,06:53:07,-03:00,2025-01-24T06:53:07-03:00,0,30
global.js,50,js,f5943de5,JingJun,2025-01-24,04:26:30,-03:00,2025-01-24T04:26:30-03:00,0,19
global.js,51,js,f5943de5,JingJun,2025-01-24,04:26:30,-03:00,2025-01-24T04:26:30-03:00,0,0
global.js,52,js,f5943de5,JingJun,2025-01-24,04:26:30,-03:00,2025-01-24T04:26:30-03:00,0,13
global.js,53,js,0d21bfc0,JingJun,2025-01-24,03:17:56,-03:00,2025-01-24T03:17:56-03:00,0,0
global.js,54,js,278c1c96,JingJun,2025-01-24,09:30:54,-03:00,2025-01-24T09:30:54-03:00,0,32
global.js,55,js,278c1c96,JingJun,2025-01-24,09:30:54,-03:00,2025-01-24T09:30:54-03:00,0,12
global.js,56,js,278c1c96,JingJun,2025-01-24,09:30:54,-03:00,2025-01-24T09:30:54-03:00,0,28
global.js,57,js,278c1c96,JingJun,2025-01-24,09:30:54,-03:00,2025-01-24T09:30:54-03:00,0,5
global.js,58,js,278c1c96,JingJun,2025-01-24,09:30:54,-03:00,2025-01-24T09:30:54-03:00,0,7
global.js,59,js,278c1c96,JingJun,2025-01-24,09:30:54,-03:00,2025-01-24T09:30:54-03:00,0,45
global.js,60,js,278c1c96,JingJun,2025-01-24,09:30:54,-03:00,2025-01-24T09:30:54-03:00,0,35
global.js,61,js,278c1c96,JingJun,2025-01-24,09:30:54,-03:00,2025-01-24T09:30:54-03:00,0,37
global.js,62,js,278c1c96,JingJun,2025-01-24,09:30:54,-03:00,2025-01-24T09:30:54-03:00,0,8
global.js,63,js,278c1c96,JingJun,2025-01-24,09:30:54,-03:00,2025-01-24T09:30:54-03:00,0,8
global.js,64,js,278c1c96,JingJun,2025-01-24,09:30:54,-03:00,2025-01-24T09:30:54-03:00,0,1
global.js,65,js,f5943de5,JingJun,2025-01-24,04:26:30,-03:00,2025-01-24T04:26:30-03:00,0,0
global.js,66,js,278c1c96,JingJun,2025-01-24,09:30:54,-03:00,2025-01-24T09:30:54-03:00,0,66
global.js,67,js,278c1c96,JingJun,2025-01-24,09:30:54,-03:00,2025-01-24T09:30:54-03:00,0,0
global.js,68,js,63a3676a,JingJun,2025-01-24,09:53:48,-03:00,2025-01-24T09:53:48-03:00,0,34
global.js,69,js,ed8ec211,JingJun,2025-02-12,15:38:02,-03:00,2025-02-12T15:38:02-03:00,0,18
global.js,70,js,63a3676a,JingJun,2025-01-24,09:53:48,-03:00,2025-01-24T09:53:48-03:00,0,38
global.js,71,js,63a3676a,JingJun,2025-01-24,09:53:48,-03:00,2025-01-24T09:53:48-03:00,0,52
global.js,72,js,ed8ec211,JingJun,2025-02-12,15:38:02,-03:00,2025-02-12T15:38:02-03:00,0,72
global.js,73,js,63a3676a,JingJun,2025-01-24,09:53:48,-03:00,2025-01-24T09:53:48-03:00,0,0
global.js,74,js,63a3676a,JingJun,2025-01-24,09:53:48,-03:00,2025-01-24T09:53:48-03:00,0,0
global.js,75,js,ed8ec211,JingJun,2025-02-12,15:38:02,-03:00,2025-02-12T15:38:02-03:00,0,66
global.js,76,js,278c1c96,JingJun,2025-01-24,09:30:54,-03:00,2025-01-24T09:30:54-03:00,0,58
global.js,77,js,278c1c96,JingJun,2025-01-24,09:30:54,-03:00,2025-01-24T09:30:54-03:00,0,87
global.js,78,js,278c1c96,JingJun,2025-01-24,09:30:54,-03:00,2025-01-24T09:30:54-03:00,0,53
global.js,79,js,278c1c96,JingJun,2025-01-24,09:30:54,-03:00,2025-01-24T09:30:54-03:00,0,37
global.js,80,js,ed8ec211,JingJun,2025-02-12,15:38:02,-03:00,2025-02-12T15:38:02-03:00,0,27
global.js,81,js,278c1c96,JingJun,2025-01-24,09:30:54,-03:00,2025-01-24T09:30:54-03:00,0,2
global.js,82,js,278c1c96,JingJun,2025-01-24,09:30:54,-03:00,2025-01-24T09:30:54-03:00,0,0
global.js,83,js,ed8ec211,JingJun,2025-02-12,15:38:02,-03:00,2025-02-12T15:38:02-03:00,0,0
global.js,84,js,4c24dc04,JingJun,2025-01-31,08:03:20,-03:00,2025-01-31T08:03:20-03:00,0,13
global.js,85,js,4c24dc04,JingJun,2025-01-31,08:03:20,-03:00,2025-01-31T08:03:20-03:00,0,37
global.js,86,js,4c24dc04,JingJun,2025-01-31,08:03:20,-03:00,2025-01-31T08:03:20-03:00,0,4
global.js,87,js,4c24dc04,JingJun,2025-01-31,08:03:20,-03:00,2025-01-31T08:03:20-03:00,0,40
global.js,88,js,4c24dc04,JingJun,2025-01-31,08:03:20,-03:00,2025-01-31T08:03:20-03:00,0,33
global.js,89,js,4c24dc04,JingJun,2025-01-31,08:03:20,-03:00,2025-01-31T08:03:20-03:00,0,17
global.js,90,js,4c24dc04,JingJun,2025-01-31,08:03:20,-03:00,2025-01-31T08:03:20-03:00,0,65
global.js,91,js,4c24dc04,JingJun,2025-01-31,08:03:20,-03:00,2025-01-31T08:03:20-03:00,0,0
global.js,92,js,4c24dc04,JingJun,2025-01-31,08:03:20,-03:00,2025-01-31T08:03:20-03:00,0,34
global.js,93,js,4c24dc04,JingJun,2025-01-31,08:03:20,-03:00,2025-01-31T08:03:20-03:00,0,11
global.js,94,js,4c24dc04,JingJun,2025-01-31,08:03:20,-03:00,2025-01-31T08:03:20-03:00,0,0
global.js,95,js,4c24dc04,JingJun,2025-01-31,08:03:20,-03:00,2025-01-31T08:03:20-03:00,0,14
global.js,96,js,4c24dc04,JingJun,2025-01-31,08:03:20,-03:00,2025-01-31T08:03:20-03:00,0,60
global.js,97,js,4c24dc04,JingJun,2025-01-31,08:03:20,-03:00,2025-01-31T08:03:20-03:00,0,0
global.js,98,js,4c24dc04,JingJun,2025-01-31,08:03:20,-03:00,2025-01-31T08:03:20-03:00,0,0
global.js,99,js,4c24dc04,JingJun,2025-01-31,08:03:20,-03:00,2025-01-31T08:03:20-03:00,0,0
global.js,100,js,ae8e958b,JingJun,2025-01-31,10:06:34,-03:00,2025-01-31T10:06:34-03:00,0,0
global.js,101,js,4c24dc04,JingJun,2025-01-31,08:03:20,-03:00,2025-01-31T08:03:20-03:00,0,56
global.js,102,js,4c24dc04,JingJun,2025-01-31,08:03:20,-03:00,2025-01-31T08:03:20-03:00,0,20
global.js,103,js,4c24dc04,JingJun,2025-01-31,08:03:20,-03:00,2025-01-31T08:03:20-03:00,0,0
global.js,104,js,4c24dc04,JingJun,2025-01-31,08:03:20,-03:00,2025-01-31T08:03:20-03:00,0,13
global.js,105,js,4c24dc04,JingJun,2025-01-31,08:03:20,-03:00,2025-01-31T08:03:20-03:00,0,78
global.js,106,js,4c24dc04,JingJun,2025-01-31,08:03:20,-03:00,2025-01-31T08:03:20-03:00,0,78
global.js,107,js,4c24dc04,JingJun,2025-01-31,08:03:20,-03:00,2025-01-31T08:03:20-03:00,0,52
global.js,108,js,4c24dc04,JingJun,2025-01-31,08:03:20,-03:00,2025-01-31T08:03:20-03:00,0,6
global.js,109,js,4c24dc04,JingJun,2025-01-31,08:03:20,-03:00,2025-01-31T08:03:20-03:00,0,0
global.js,110,js,4c24dc04,JingJun,2025-01-31,08:03:20,-03:00,2025-01-31T08:03:20-03:00,0,28
global.js,111,js,4c24dc04,JingJun,2025-01-31,08:03:20,-03:00,2025-01-31T08:03:20-03:00,0,39
global.js,112,js,4c24dc04,JingJun,2025-01-31,08:03:20,-03:00,2025-01-31T08:03:20-03:00,0,6
global.js,113,js,4c24dc04,JingJun,2025-01-31,08:03:20,-03:00,2025-01-31T08:03:20-03:00,0,0
global.js,114,js,1d2b37fd,JingJun,2025-02-12,14:32:35,-03:00,2025-02-12T14:32:35-03:00,0,0
global.js,115,js,4c24dc04,JingJun,2025-01-31,08:03:20,-03:00,2025-01-31T08:03:20-03:00,0,61
global.js,116,js,4c24dc04,JingJun,2025-01-31,08:03:20,-03:00,2025-01-31T08:03:20-03:00,0,47
global.js,117,js,4c24dc04,JingJun,2025-01-31,08:03:20,-03:00,2025-01-31T08:03:20-03:00,0,49
global.js,118,js,b5c13772,JingJun,2025-02-12,14:55:17,-03:00,2025-02-12T14:55:17-03:00,0,7
global.js,119,js,ae8e958b,JingJun,2025-01-31,10:06:34,-03:00,2025-01-31T10:06:34-03:00,0,64
global.js,120,js,ae8e958b,JingJun,2025-01-31,10:06:34,-03:00,2025-01-31T10:06:34-03:00,0,93
global.js,121,js,ae8e958b,JingJun,2025-01-31,10:06:34,-03:00,2025-01-31T10:06:34-03:00,0,43
global.js,122,js,ae8e958b,JingJun,2025-01-31,10:06:34,-03:00,2025-01-31T10:06:34-03:00,0,0
global.js,123,js,ed8ec211,JingJun,2025-02-12,15:38:02,-03:00,2025-02-12T15:38:02-03:00,0,66
global.js,124,js,ed8ec211,JingJun,2025-02-12,15:38:02,-03:00,2025-02-12T15:38:02-03:00,0,63
global.js,125,js,ed8ec211,JingJun,2025-02-12,15:38:02,-03:00,2025-02-12T15:38:02-03:00,0,25
global.js,126,js,b5c13772,JingJun,2025-02-12,14:55:17,-03:00,2025-02-12T14:55:17-03:00,0,22
global.js,127,js,4c24dc04,JingJun,2025-01-31,08:03:20,-03:00,2025-01-31T08:03:20-03:00,0,20
global.js,128,js,4c24dc04,JingJun,2025-01-31,08:03:20,-03:00,2025-01-31T08:03:20-03:00,0,47
global.js,129,js,4c24dc04,JingJun,2025-01-31,08:03:20,-03:00,2025-01-31T08:03:20-03:00,0,44
global.js,130,js,cb88d5e6,JingJun,2025-01-31,09:50:07,-03:00,2025-01-31T09:50:07-03:00,0,24
global.js,131,js,4c24dc04,JingJun,2025-01-31,08:03:20,-03:00,2025-01-31T08:03:20-03:00,0,25
global.js,132,js,4c24dc04,JingJun,2025-01-31,08:03:20,-03:00,2025-01-31T08:03:20-03:00,0,1
global.js,133,js,4c24dc04,JingJun,2025-01-31,08:03:20,-03:00,2025-01-31T08:03:20-03:00,0,37
global.js,134,js,4c24dc04,JingJun,2025-01-31,08:03:20,-03:00,2025-01-31T08:03:20-03:00,0,0
global.js,135,js,4c24dc04,JingJun,2025-01-31,08:03:20,-03:00,2025-01-31T08:03:20-03:00,0,0
global.js,136,js,4c24dc04,JingJun,2025-01-31,08:03:20,-03:00,2025-01-31T08:03:20-03:00,0,53
global.js,137,js,4c24dc04,JingJun,2025-01-31,08:03:20,-03:00,2025-01-31T08:03:20-03:00,0,52
global.js,138,js,4c24dc04,JingJun,2025-01-31,08:03:20,-03:00,2025-01-31T08:03:20-03:00,0,21
global.js,139,js,4c24dc04,JingJun,2025-01-31,08:03:20,-03:00,2025-01-31T08:03:20-03:00,0,0
global.js,140,js,4c24dc04,JingJun,2025-01-31,08:03:20,-03:00,2025-01-31T08:03:20-03:00,0,13
global.js,141,js,4c24dc04,JingJun,2025-01-31,08:03:20,-03:00,2025-01-31T08:03:20-03:00,0,47
global.js,142,js,4c24dc04,JingJun,2025-01-31,08:03:20,-03:00,2025-01-31T08:03:20-03:00,0,60
global.js,143,js,4c24dc04,JingJun,2025-01-31,08:03:20,-03:00,2025-01-31T08:03:20-03:00,0,0
global.js,144,js,f5943de5,JingJun,2025-01-24,04:26:30,-03:00,2025-01-24T04:26:30-03:00,0,0
projects/stylePj.css,1,css,9f3f1919,JingJun,2025-01-15,10:12:19,-03:00,2025-01-15T10:12:19-03:00,0,5
projects/stylePj.css,2,css,9f3f1919,JingJun,2025-01-15,10:12:19,-03:00,2025-01-15T10:12:19-03:00,0,33
projects/stylePj.css,3,css,9f3f1919,JingJun,2025-01-15,10:12:19,-03:00,2025-01-15T10:12:19-03:00,0,33
projects/stylePj.css,4,css,9f3f1919,JingJun,2025-01-15,10:12:19,-03:00,2025-01-15T10:12:19-03:00,0,0
projects/stylePj.css,5,css,9f3f1919,JingJun,2025-01-15,10:12:19,-03:00,2025-01-15T10:12:19-03:00,0,35
projects/stylePj.css,6,css,7d68fb65,JingJun,2025-01-24,06:26:42,-03:00,2025-01-24T06:26:42-03:00,0,18
projects/stylePj.css,7,css,9f3f1919,JingJun,2025-01-15,10:12:19,-03:00,2025-01-15T10:12:19-03:00,0,0
projects/stylePj.css,8,css,278c1c96,JingJun,2025-01-24,09:30:54,-03:00,2025-01-24T09:30:54-03:00,0,13
projects/stylePj.css,9,css,278c1c96,JingJun,2025-01-24,09:30:54,-03:00,2025-01-24T09:30:54-03:00,0,18
projects/stylePj.css,10,css,278c1c96,JingJun,2025-01-24,09:30:54,-03:00,2025-01-24T09:30:54-03:00,0,11
projects/stylePj.css,11,css,278c1c96,JingJun,2025-01-24,09:30:54,-03:00,2025-01-24T09:30:54-03:00,0,8
projects/stylePj.css,12,css,278c1c96,JingJun,2025-01-24,09:30:54,-03:00,2025-01-24T09:30:54-03:00,0,0
projects/stylePj.css,13,css,9f3f1919,JingJun,2025-01-15,10:12:19,-03:00,2025-01-15T10:12:19-03:00,0,0
projects/stylePj.css,14,css,2e67d58d,JingJun,2025-01-15,04:50:01,-03:00,2025-01-15T04:50:01-03:00,0,5
projects/stylePj.css,15,css,b933b4e9,JingJun,2025-01-15,06:37:30,-03:00,2025-01-15T06:37:30-03:00,0,44
projects/stylePj.css,16,css,b933b4e9,JingJun,2025-01-15,06:37:30,-03:00,2025-01-15T06:37:30-03:00,0,43
projects/stylePj.css,17,css,b933b4e9,JingJun,2025-01-15,06:37:30,-03:00,2025-01-15T06:37:30-03:00,0,1
projects/stylePj.css,18,css,b933b4e9,JingJun,2025-01-15,06:37:30,-03:00,2025-01-15T06:37:30-03:00,0,24
projects/stylePj.css,19,css,b933b4e9,JingJun,2025-01-15,06:37:30,-03:00,2025-01-15T06:37:30-03:00,0,15
projects/stylePj.css,20,css,b933b4e9,JingJun,2025-01-15,06:37:30,-03:00,2025-01-15T06:37:30-03:00,0,19
projects/stylePj.css,21,css,b933b4e9,JingJun,2025-01-15,06:37:30,-03:00,2025-01-15T06:37:30-03:00,0,12
projects/stylePj.css,22,css,9f3f1919,JingJun,2025-01-15,10:12:19,-03:00,2025-01-15T10:12:19-03:00,0,38
projects/stylePj.css,23,css,b933b4e9,JingJun,2025-01-15,06:37:30,-03:00,2025-01-15T06:37:30-03:00,0,0
projects/stylePj.css,24,css,2e67d58d,JingJun,2025-01-15,04:50:01,-03:00,2025-01-15T04:50:01-03:00,0,0
projects/stylePj.css,25,css,2e67d58d,JingJun,2025-01-15,04:50:01,-03:00,2025-01-15T04:50:01-03:00,0,4
projects/stylePj.css,26,css,b933b4e9,JingJun,2025-01-15,06:37:30,-03:00,2025-01-15T06:37:30-03:00,0,13
projects/stylePj.css,27,css,b933b4e9,JingJun,2025-01-15,06:37:30,-03:00,2025-01-15T06:37:30-03:00,0,18
projects/stylePj.css,28,css,b933b4e9,JingJun,2025-01-15,06:37:30,-03:00,2025-01-15T06:37:30-03:00,0,24
projects/stylePj.css,29,css,b933b4e9,JingJun,2025-01-15,06:37:30,-03:00,2025-01-15T06:37:30-03:00,0,26
projects/stylePj.css,30,css,7d68fb65,JingJun,2025-01-24,06:26:42,-03:00,2025-01-24T06:26:42-03:00,0,44
projects/stylePj.css,31,css,7d68fb65,JingJun,2025-01-24,06:26:42,-03:00,2025-01-24T06:26:42-03:00,0,40
projects/stylePj.css,32,css,7d68fb65,JingJun,2025-01-24,06:26:42,-03:00,2025-01-24T06:26:42-03:00,0,40
projects/stylePj.css,33,css,2e67d58d,JingJun,2025-01-15,04:50:01,-03:00,2025-01-15T04:50:01-03:00,0,0
projects/stylePj.css,34,css,2e67d58d,JingJun,2025-01-15,04:50:01,-03:00,2025-01-15T04:50:01-03:00,0,0
projects/stylePj.css,35,css,9f3f1919,JingJun,2025-01-15,10:12:19,-03:00,2025-01-15T10:12:19-03:00,0,11
projects/stylePj.css,36,css,9f3f1919,JingJun,2025-01-15,10:12:19,-03:00,2025-01-15T10:12:19-03:00,0,44
projects/stylePj.css,37,css,9f3f1919,JingJun,2025-01-15,10:12:19,-03:00,2025-01-15T10:12:19-03:00,0,58
projects/stylePj.css,38,css,7d68fb65,JingJun,2025-01-24,06:26:42,-03:00,2025-01-24T06:26:42-03:00,0,70
projects/stylePj.css,39,css,9f3f1919,JingJun,2025-01-15,10:12:19,-03:00,2025-01-15T10:12:19-03:00,0,0
projects/stylePj.css,40,css,cb88d5e6,JingJun,2025-01-31,09:50:07,-03:00,2025-01-31T09:50:07-03:00,0,4
projects/stylePj.css,41,css,cb88d5e6,JingJun,2025-01-31,09:50:07,-03:00,2025-01-31T09:50:07-03:00,0,34
projects/stylePj.css,42,css,cb88d5e6,JingJun,2025-01-31,09:50:07,-03:00,2025-01-31T09:50:07-03:00,0,35
projects/stylePj.css,43,css,cb88d5e6,JingJun,2025-01-31,09:50:07,-03:00,2025-01-31T09:50:07-03:00,0,0
projects/stylePj.css,44,css,2e67d58d,JingJun,2025-01-15,04:50:01,-03:00,2025-01-15T04:50:01-03:00,0,2
projects/stylePj.css,45,css,b933b4e9,JingJun,2025-01-15,06:37:30,-03:00,2025-01-15T06:37:30-03:00,0,7
projects/stylePj.css,46,css,b933b4e9,JingJun,2025-01-15,06:37:30,-03:00,2025-01-15T06:37:30-03:00,0,21
projects/stylePj.css,47,css,b933b4e9,JingJun,2025-01-15,06:37:30,-03:00,2025-01-15T06:37:30-03:00,0,14
projects/stylePj.css,48,css,b933b4e9,JingJun,2025-01-15,06:37:30,-03:00,2025-01-15T06:37:30-03:00,0,18
projects/stylePj.css,49,css,b933b4e9,JingJun,2025-01-15,06:37:30,-03:00,2025-01-15T06:37:30-03:00,0,14
projects/stylePj.css,50,css,b933b4e9,JingJun,2025-01-15,06:37:30,-03:00,2025-01-15T06:37:30-03:00,0,0
projects/stylePj.css,51,css,b933b4e9,JingJun,2025-01-15,06:37:30,-03:00,2025-01-15T06:37:30-03:00,0,0
projects/stylePj.css,52,css,b933b4e9,JingJun,2025-01-15,06:37:30,-03:00,2025-01-15T06:37:30-03:00,0,18
projects/stylePj.css,53,css,7d68fb65,JingJun,2025-01-24,06:26:42,-03:00,2025-01-24T06:26:42-03:00,0,69
projects/stylePj.css,54,css,b933b4e9,JingJun,2025-01-15,06:37:30,-03:00,2025-01-15T06:37:30-03:00,0,0
projects/stylePj.css,55,css,9f3f1919,JingJun,2025-01-15,10:12:19,-03:00,2025-01-15T10:12:19-03:00,0,0
projects/stylePj.css,56,css,f02b9892,JingJun,2025-01-16,06:24:15,-03:00,2025-01-16T06:24:15-03:00,0,9
projects/stylePj.css,57,css,9f3f1919,JingJun,2025-01-15,10:12:19,-03:00,2025-01-15T10:12:19-03:00,0,13
projects/stylePj.css,58,css,9f3f1919,JingJun,2025-01-15,10:12:19,-03:00,2025-01-15T10:12:19-03:00,0,59
projects/stylePj.css,59,css,f02b9892,JingJun,2025-01-16,06:24:15,-03:00,2025-01-16T06:24:15-03:00,0,8
projects/stylePj.css,60,css,9f3f1919,JingJun,2025-01-15,10:12:19,-03:00,2025-01-15T10:12:19-03:00,0,0
projects/stylePj.css,61,css,9f3f1919,JingJun,2025-01-15,10:12:19,-03:00,2025-01-15T10:12:19-03:00,0,0
projects/stylePj.css,62,css,f02b9892,JingJun,2025-01-16,06:24:15,-03:00,2025-01-16T06:24:15-03:00,0,0
projects/stylePj.css,63,css,f02b9892,JingJun,2025-01-16,06:24:15,-03:00,2025-01-16T06:24:15-03:00,0,18
projects/stylePj.css,64,css,9f3f1919,JingJun,2025-01-15,10:12:19,-03:00,2025-01-15T10:12:19-03:00,0,27
projects/stylePj.css,65,css,9f3f1919,JingJun,2025-01-15,10:12:19,-03:00,2025-01-15T10:12:19-03:00,0,16
projects/stylePj.css,66,css,9f3f1919,JingJun,2025-01-15,10:12:19,-03:00,2025-01-15T10:12:19-03:00,0,21
projects/stylePj.css,67,css,9f3f1919,JingJun,2025-01-15,10:12:19,-03:00,2025-01-15T10:12:19-03:00,0,0
projects/stylePj.css,68,css,9f3f1919,JingJun,2025-01-15,10:12:19,-03:00,2025-01-15T10:12:19-03:00,0,3
projects/stylePj.css,69,css,9f3f1919,JingJun,2025-01-15,10:12:19,-03:00,2025-01-15T10:12:19-03:00,0,14
projects/stylePj.css,70,css,9f3f1919,JingJun,2025-01-15,10:12:19,-03:00,2025-01-15T10:12:19-03:00,0,0
projects/stylePj.css,71,css,9f3f1919,JingJun,2025-01-15,10:12:19,-03:00,2025-01-15T10:12:19-03:00,0,0
projects/stylePj.css,72,css,9f3f1919,JingJun,2025-01-15,10:12:19,-03:00,2025-01-15T10:12:19-03:00,0,3
projects/stylePj.css,73,css,9f3f1919,JingJun,2025-01-15,10:12:19,-03:00,2025-01-15T10:12:19-03:00,0,9
projects/stylePj.css,74,css,9f3f1919,JingJun,2025-01-15,10:12:19,-03:00,2025-01-15T10:12:19-03:00,0,16
projects/stylePj.css,75,css,9f3f1919,JingJun,2025-01-15,10:12:19,-03:00,2025-01-15T10:12:19-03:00,0,0
projects/stylePj.css,76,css,9f3f1919,JingJun,2025-01-15,10:12:19,-03:00,2025-01-15T10:12:19-03:00,0,2
projects/stylePj.css,77,css,9f3f1919,JingJun,2025-01-15,10:12:19,-03:00,2025-01-15T10:12:19-03:00,0,18
projects/stylePj.css,78,css,7d8e0235,JingJun,2025-02-08,22:50:22,-03:00,2025-02-08T22:50:22-03:00,0,0
projects/stylePj.css,79,css,7d8e0235,JingJun,2025-02-08,22:50:22,-03:00,2025-02-08T22:50:22-03:00,0,0
projects/stylePj.css,80,css,7d8e0235,JingJun,2025-02-08,22:50:22,-03:00,2025-02-08T22:50:22-03:00,0,16
projects/stylePj.css,81,css,7d8e0235,JingJun,2025-02-08,22:50:22,-03:00,2025-02-08T22:50:22-03:00,0,19
projects/stylePj.css,82,css,7d8e0235,JingJun,2025-02-08,22:50:22,-03:00,2025-02-08T22:50:22-03:00,0,11
projects/stylePj.css,83,css,7d8e0235,JingJun,2025-02-08,22:50:22,-03:00,2025-02-08T22:50:22-03:00,0,15
projects/stylePj.css,84,css,7d8e0235,JingJun,2025-02-08,22:50:22,-03:00,2025-02-08T22:50:22-03:00,0,17
projects/stylePj.css,85,css,7d8e0235,JingJun,2025-02-08,22:50:22,-03:00,2025-02-08T22:50:22-03:00,0,17
projects/stylePj.css,86,css,7d8e0235,JingJun,2025-02-08,22:50:22,-03:00,2025-02-08T22:50:22-03:00,0,13
projects/stylePj.css,87,css,7d8e0235,JingJun,2025-02-08,22:50:22,-03:00,2025-02-08T22:50:22-03:00,0,58
projects/stylePj.css,88,css,7d8e0235,JingJun,2025-02-08,22:50:22,-03:00,2025-02-08T22:50:22-03:00,0,8
projects/stylePj.css,89,css,7d8e0235,JingJun,2025-02-08,22:50:22,-03:00,2025-02-08T22:50:22-03:00,0,0
projects/stylePj.css,90,css,7d8e0235,JingJun,2025-02-08,22:50:22,-03:00,2025-02-08T22:50:22-03:00,0,0
projects/stylePj.css,91,css,7d8e0235,JingJun,2025-02-08,22:50:22,-03:00,2025-02-08T22:50:22-03:00,0,7
projects/stylePj.css,92,css,7d8e0235,JingJun,2025-02-08,22:50:22,-03:00,2025-02-08T22:50:22-03:00,0,16
projects/stylePj.css,93,css,7d8e0235,JingJun,2025-02-08,22:50:22,-03:00,2025-02-08T22:50:22-03:00,0,7
projects/stylePj.css,94,css,7d8e0235,JingJun,2025-02-08,22:50:22,-03:00,2025-02-08T22:50:22-03:00,0,13
projects/stylePj.css,95,css,7d8e0235,JingJun,2025-02-08,22:50:22,-03:00,2025-02-08T22:50:22-03:00,0,58
projects/stylePj.css,96,css,7d8e0235,JingJun,2025-02-08,22:50:22,-03:00,2025-02-08T22:50:22-03:00,0,78
projects/stylePj.css,97,css,7d8e0235,JingJun,2025-02-08,22:50:22,-03:00,2025-02-08T22:50:22-03:00,0,73
projects/stylePj.css,98,css,7d8e0235,JingJun,2025-02-08,22:50:22,-03:00,2025-02-08T22:50:22-03:00,0,0
projects/stylePj.css,99,css,7d8e0235,JingJun,2025-02-08,22:50:22,-03:00,2025-02-08T22:50:22-03:00,0,0
projects/stylePj.css,100,css,7d8e0235,JingJun,2025-02-08,22:50:22,-03:00,2025-02-08T22:50:22-03:00,0,12
projects/stylePj.css,101,css,7d8e0235,JingJun,2025-02-08,22:50:22,-03:00,2025-02-08T22:50:22-03:00,0,6
projects/stylePj.css,102,css,7d8e0235,JingJun,2025-02-08,22:50:22,-03:00,2025-02-08T22:50:22-03:00,0,13
projects/stylePj.css,103,css,7d8e0235,JingJun,2025-02-08,22:50:22,-03:00,2025-02-08T22:50:22-03:00,0,19
projects/stylePj.css,104,css,7d8e0235,JingJun,2025-02-08,22:50:22,-03:00,2025-02-08T22:50:22-03:00,0,11
projects/stylePj.css,105,css,7d8e0235,JingJun,2025-02-08,22:50:22,-03:00,2025-02-08T22:50:22-03:00,0,0
projects/stylePj.css,106,css,7d8e0235,JingJun,2025-02-08,22:50:22,-03:00,2025-02-08T22:50:22-03:00,0,8
projects/stylePj.css,107,css,7d8e0235,JingJun,2025-02-08,22:50:22,-03:00,2025-02-08T22:50:22-03:00,0,87
projects/stylePj.css,108,css,7d8e0235,JingJun,2025-02-08,22:50:22,-03:00,2025-02-08T22:50:22-03:00,0,55
projects/stylePj.css,109,css,7d8e0235,JingJun,2025-02-08,22:50:22,-03:00,2025-02-08T22:50:22-03:00,0,56
projects/stylePj.css,110,css,7d8e0235,JingJun,2025-02-08,22:50:22,-03:00,2025-02-08T22:50:22-03:00,0,61
projects/stylePj.css,111,css,7d8e0235,JingJun,2025-02-08,22:50:22,-03:00,2025-02-08T22:50:22-03:00,0,18
projects/stylePj.css,112,css,7d8e0235,JingJun,2025-02-08,22:50:22,-03:00,2025-02-08T22:50:22-03:00,0,0
projects/stylePj.css,113,css,7d8e0235,JingJun,2025-02-08,22:50:22,-03:00,2025-02-08T22:50:22-03:00,0,0
projects/stylePj.css,114,css,7d8e0235,JingJun,2025-02-08,22:50:22,-03:00,2025-02-08T22:50:22-03:00,0,11
projects/stylePj.css,115,css,7d8e0235,JingJun,2025-02-08,22:50:22,-03:00,2025-02-08T22:50:22-03:00,0,10
projects/stylePj.css,116,css,7d8e0235,JingJun,2025-02-08,22:50:22,-03:00,2025-02-08T22:50:22-03:00,0,13
projects/stylePj.css,117,css,7d8e0235,JingJun,2025-02-08,22:50:22,-03:00,2025-02-08T22:50:22-03:00,0,71
projects/stylePj.css,118,css,7d8e0235,JingJun,2025-02-08,22:50:22,-03:00,2025-02-08T22:50:22-03:00,0,60
projects/stylePj.css,119,css,7d8e0235,JingJun,2025-02-08,22:50:22,-03:00,2025-02-08T22:50:22-03:00,0,9
projects/stylePj.css,120,css,7d8e0235,JingJun,2025-02-08,22:50:22,-03:00,2025-02-08T22:50:22-03:00,0,0
projects/stylePj.css,121,css,7d8e0235,JingJun,2025-02-08,22:50:22,-03:00,2025-02-08T22:50:22-03:00,0,0
projects/stylePj.css,122,css,7d8e0235,JingJun,2025-02-08,22:50:22,-03:00,2025-02-08T22:50:22-03:00,0,10
projects/stylePj.css,123,css,7d8e0235,JingJun,2025-02-08,22:50:22,-03:00,2025-02-08T22:50:22-03:00,0,11
projects/stylePj.css,124,css,7d8e0235,JingJun,2025-02-08,22:50:22,-03:00,2025-02-08T22:50:22-03:00,0,15
projects/stylePj.css,125,css,7d8e0235,JingJun,2025-02-08,22:50:22,-03:00,2025-02-08T22:50:22-03:00,0,11
projects/stylePj.css,126,css,7d8e0235,JingJun,2025-02-08,22:50:22,-03:00,2025-02-08T22:50:22-03:00,0,0
projects/stylePj.css,127,css,7d8e0235,JingJun,2025-02-08,22:50:22,-03:00,2025-02-08T22:50:22-03:00,0,0
projects/stylePj.css,128,css,7d8e0235,JingJun,2025-02-08,22:50:22,-03:00,2025-02-08T22:50:22-03:00,0,15
projects/stylePj.css,129,css,7d8e0235,JingJun,2025-02-08,22:50:22,-03:00,2025-02-08T22:50:22-03:00,0,17
projects/stylePj.css,130,css,7d8e0235,JingJun,2025-02-08,22:50:22,-03:00,2025-02-08T22:50:22-03:00,0,16
projects/stylePj.css,131,css,7d8e0235,JingJun,2025-02-08,22:50:22,-03:00,2025-02-08T22:50:22-03:00,0,12
projects/stylePj.css,132,css,7d8e0235,JingJun,2025-02-08,22:50:22,-03:00,2025-02-08T22:50:22-03:00,0,0
projects/stylePj.css,133,css,7d8e0235,JingJun,2025-02-08,22:50:22,-03:00,2025-02-08T22:50:22-03:00,0,0
projects/stylePj.css,134,css,7d8e0235,JingJun,2025-02-08,22:50:22,-03:00,2025-02-08T22:50:22-03:00,0,4
projects/stylePj.css,135,css,7d8e0235,JingJun,2025-02-08,22:50:22,-03:00,2025-02-08T22:50:22-03:00,0,17
projects/stylePj.css,136,css,7d8e0235,JingJun,2025-02-08,22:50:22,-03:00,2025-02-08T22:50:22-03:00,0,15
projects/stylePj.css,137,css,7d8e0235,JingJun,2025-02-08,22:50:22,-03:00,2025-02-08T22:50:22-03:00,0,0
projects/stylePj.css,138,css,7d8e0235,JingJun,2025-02-08,22:50:22,-03:00,2025-02-08T22:50:22-03:00,0,0
projects/stylePj.css,139,css,7d8e0235,JingJun,2025-02-08,22:50:22,-03:00,2025-02-08T22:50:22-03:00,0,15
projects/stylePj.css,140,css,7d8e0235,JingJun,2025-02-08,22:50:22,-03:00,2025-02-08T22:50:22-03:00,0,13
projects/stylePj.css,141,css,7d8e0235,JingJun,2025-02-08,22:50:22,-03:00,2025-02-08T22:50:22-03:00,0,35
projects/stylePj.css,142,css,7d8e0235,JingJun,2025-02-08,22:50:22,-03:00,2025-02-08T22:50:22-03:00,0,0
projects/stylePj.css,143,css,7d8e0235,JingJun,2025-02-08,22:50:22,-03:00,2025-02-08T22:50:22-03:00,0,11
projects/stylePj.css,144,css,7d8e0235,JingJun,2025-02-08,22:50:22,-03:00,2025-02-08T22:50:22-03:00,0,18
projects/stylePj.css,145,css,7d8e0235,JingJun,2025-02-08,22:50:22,-03:00,2025-02-08T22:50:22-03:00,0,0
projects/stylePj.css,146,css,7d8e0235,JingJun,2025-02-08,22:50:22,-03:00,2025-02-08T22:50:22-03:00,0,3
projects/stylePj.css,147,css,7d8e0235,JingJun,2025-02-08,22:50:22,-03:00,2025-02-08T22:50:22-03:00,0,0
projects/stylePj.css,148,css,7d8e0235,JingJun,2025-02-08,22:50:22,-03:00,2025-02-08T22:50:22-03:00,0,10
projects/stylePj.css,149,css,7d8e0235,JingJun,2025-02-08,22:50:22,-03:00,2025-02-08T22:50:22-03:00,0,36
projects/stylePj.css,150,css,7d8e0235,JingJun,2025-02-08,22:50:22,-03:00,2025-02-08T22:50:22-03:00,0,0
projects/stylePj.css,151,css,7d8e0235,JingJun,2025-02-08,22:50:22,-03:00,2025-02-08T22:50:22-03:00,0,11
projects/stylePj.css,152,css,7d8e0235,JingJun,2025-02-08,22:50:22,-03:00,2025-02-08T22:50:22-03:00,0,18
projects/stylePj.css,153,css,7d8e0235,JingJun,2025-02-08,22:50:22,-03:00,2025-02-08T22:50:22-03:00,0,0
projects/stylePj.css,154,css,9f3f1919,JingJun,2025-01-15,10:12:19,-03:00,2025-01-15T10:12:19-03:00,0,0
projects/projects.js,1,js,7d8e0235,JingJun,2025-02-08,22:50:22,-03:00,2025-02-08T22:50:22-03:00,0,10
projects/projects.js,2,js,7d8e0235,JingJun,2025-02-08,22:50:22,-03:00,2025-02-08T22:50:22-03:00,0,64
projects/projects.js,3,js,7d8e0235,JingJun,2025-02-08,22:50:22,-03:00,2025-02-08T22:50:22-03:00,0,68
projects/projects.js,4,js,7d8e0235,JingJun,2025-02-08,22:50:22,-03:00,2025-02-08T22:50:22-03:00,0,0
projects/projects.js,5,js,4c24dc04,JingJun,2025-01-31,08:03:20,-03:00,2025-01-31T08:03:20-03:00,0,9
projects/projects.js,6,js,4c24dc04,JingJun,2025-01-31,08:03:20,-03:00,2025-01-31T08:03:20-03:00,0,56
projects/projects.js,7,js,4c24dc04,JingJun,2025-01-31,08:03:20,-03:00,2025-01-31T08:03:20-03:00,0,56
projects/projects.js,8,js,4c24dc04,JingJun,2025-01-31,08:03:20,-03:00,2025-01-31T08:03:20-03:00,0,61
projects/projects.js,9,js,4c24dc04,JingJun,2025-01-31,08:03:20,-03:00,2025-01-31T08:03:20-03:00,0,64
projects/projects.js,10,js,4c24dc04,JingJun,2025-01-31,08:03:20,-03:00,2025-01-31T08:03:20-03:00,0,0
projects/projects.js,11,js,4c24dc04,JingJun,2025-01-31,08:03:20,-03:00,2025-01-31T08:03:20-03:00,0,0
projects/projects.js,12,js,4c24dc04,JingJun,2025-01-31,08:03:20,-03:00,2025-01-31T08:03:20-03:00,0,56
projects/projects.js,13,js,4c24dc04,JingJun,2025-01-31,08:03:20,-03:00,2025-01-31T08:03:20-03:00,0,0
projects/projects.js,14,js,4c24dc04,JingJun,2025-01-31,08:03:20,-03:00,2025-01-31T08:03:20-03:00,0,31
projects/projects.js,15,js,4c24dc04,JingJun,2025-01-31,08:03:20,-03:00,2025-01-31T08:03:20-03:00,0,99
projects/projects.js,16,js,4c24dc04,JingJun,2025-01-31,08:03:20,-03:00,2025-01-31T08:03:20-03:00,0,5
projects/projects.js,17,js,4c24dc04,JingJun,2025-01-31,08:03:20,-03:00,2025-01-31T08:03:20-03:00,0,0
projects/projects.js,18,js,d98d339b,JingJun,2025-01-31,10:12:40,-03:00,2025-01-31T10:12:40-03:00,0,49
projects/projects.js,19,js,4c24dc04,JingJun,2025-01-31,08:03:20,-03:00,2025-01-31T08:03:20-03:00,0,43
projects/projects.js,20,js,d98d339b,JingJun,2025-01-31,10:12:40,-03:00,2025-01-31T10:12:40-03:00,0,100
projects/projects.js,21,js,7d8e0235,JingJun,2025-02-08,22:50:22,-03:00,2025-02-08T22:50:22-03:00,0,0
projects/projects.js,22,js,7d8e0235,JingJun,2025-02-08,22:50:22,-03:00,2025-02-08T22:50:22-03:00,0,0
projects/projects.js,23,js,7d8e0235,JingJun,2025-02-08,22:50:22,-03:00,2025-02-08T22:50:22-03:00,0,0
projects/projects.js,24,js,7d8e0235,JingJun,2025-02-08,22:50:22,-03:00,2025-02-08T22:50:22-03:00,0,9
projects/projects.js,25,js,7d8e0235,JingJun,2025-02-08,22:50:22,-03:00,2025-02-08T22:50:22-03:00,0,57
projects/projects.js,26,js,7d8e0235,JingJun,2025-02-08,22:50:22,-03:00,2025-02-08T22:50:22-03:00,0,30
projects/projects.js,27,js,7d8e0235,JingJun,2025-02-08,22:50:22,-03:00,2025-02-08T22:50:22-03:00,0,15
projects/projects.js,28,js,7d8e0235,JingJun,2025-02-08,22:50:22,-03:00,2025-02-08T22:50:22-03:00,0,22
projects/projects.js,29,js,7d8e0235,JingJun,2025-02-08,22:50:22,-03:00,2025-02-08T22:50:22-03:00,0,20
projects/projects.js,30,js,7d8e0235,JingJun,2025-02-08,22:50:22,-03:00,2025-02-08T22:50:22-03:00,0,4
projects/projects.js,31,js,7d8e0235,JingJun,2025-02-08,22:50:22,-03:00,2025-02-08T22:50:22-03:00,0,48
projects/projects.js,32,js,7d8e0235,JingJun,2025-02-08,22:50:22,-03:00,2025-02-08T22:50:22-03:00,0,43
projects/projects.js,33,js,7d8e0235,JingJun,2025-02-08,22:50:22,-03:00,2025-02-08T22:50:22-03:00,0,7
projects/projects.js,34,js,7d8e0235,JingJun,2025-02-08,22:50:22,-03:00,2025-02-08T22:50:22-03:00,0,54
projects/projects.js,35,js,7d8e0235,JingJun,2025-02-08,22:50:22,-03:00,2025-02-08T22:50:22-03:00,0,61
projects/projects.js,36,js,7d8e0235,JingJun,2025-02-08,22:50:22,-03:00,2025-02-08T22:50:22-03:00,0,49
projects/projects.js,37,js,7d8e0235,JingJun,2025-02-08,22:50:22,-03:00,2025-02-08T22:50:22-03:00,0,0
projects/projects.js,38,js,7d8e0235,JingJun,2025-02-08,22:50:22,-03:00,2025-02-08T22:50:22-03:00,0,0
projects/projects.js,39,js,7d8e0235,JingJun,2025-02-08,22:50:22,-03:00,2025-02-08T22:50:22-03:00,0,65
projects/projects.js,40,js,7d8e0235,JingJun,2025-02-08,22:50:22,-03:00,2025-02-08T22:50:22-03:00,0,29
projects/projects.js,41,js,7d8e0235,JingJun,2025-02-08,22:50:22,-03:00,2025-02-08T22:50:22-03:00,0,62
projects/projects.js,42,js,7d8e0235,JingJun,2025-02-08,22:50:22,-03:00,2025-02-08T22:50:22-03:00,0,102
projects/projects.js,43,js,7d8e0235,JingJun,2025-02-08,22:50:22,-03:00,2025-02-08T22:50:22-03:00,0,5
projects/projects.js,44,js,7d8e0235,JingJun,2025-02-08,22:50:22,-03:00,2025-02-08T22:50:22-03:00,0,15
projects/projects.js,45,js,7d8e0235,JingJun,2025-02-08,22:50:22,-03:00,2025-02-08T22:50:22-03:00,0,36
projects/projects.js,46,js,7d8e0235,JingJun,2025-02-08,22:50:22,-03:00,2025-02-08T22:50:22-03:00,0,28
projects/projects.js,47,js,7d8e0235,JingJun,2025-02-08,22:50:22,-03:00,2025-02-08T22:50:22-03:00,0,25
projects/projects.js,48,js,7d8e0235,JingJun,2025-02-08,22:50:22,-03:00,2025-02-08T22:50:22-03:00,0,56
projects/projects.js,49,js,7d8e0235,JingJun,2025-02-08,22:50:22,-03:00,2025-02-08T22:50:22-03:00,0,89
projects/projects.js,50,js,7d8e0235,JingJun,2025-02-08,22:50:22,-03:00,2025-02-08T22:50:22-03:00,0,115
projects/projects.js,51,js,7d8e0235,JingJun,2025-02-08,22:50:22,-03:00,2025-02-08T22:50:22-03:00,0,5
projects/projects.js,52,js,7d8e0235,JingJun,2025-02-08,22:50:22,-03:00,2025-02-08T22:50:22-03:00,0,0
projects/projects.js,53,js,7d8e0235,JingJun,2025-02-08,22:50:22,-03:00,2025-02-08T22:50:22-03:00,0,0
projects/projects.js,54,js,7d8e0235,JingJun,2025-02-08,22:50:22,-03:00,2025-02-08T22:50:22-03:00,0,11
projects/projects.js,55,js,7d8e0235,JingJun,2025-02-08,22:50:22,-03:00,2025-02-08T22:50:22-03:00,0,14
projects/projects.js,56,js,7d8e0235,JingJun,2025-02-08,22:50:22,-03:00,2025-02-08T22:50:22-03:00,0,54
projects/projects.js,57,js,7d8e0235,JingJun,2025-02-08,22:50:22,-03:00,2025-02-08T22:50:22-03:00,0,53
projects/projects.js,58,js,7d8e0235,JingJun,2025-02-08,22:50:22,-03:00,2025-02-08T22:50:22-03:00,0,25
projects/projects.js,59,js,7d8e0235,JingJun,2025-02-08,22:50:22,-03:00,2025-02-08T22:50:22-03:00,0,31
projects/projects.js,60,js,7d8e0235,JingJun,2025-02-08,22:50:22,-03:00,2025-02-08T22:50:22-03:00,0,22
projects/projects.js,61,js,7d8e0235,JingJun,2025-02-08,22:50:22,-03:00,2025-02-08T22:50:22-03:00,0,57
projects/projects.js,62,js,7d8e0235,JingJun,2025-02-08,22:50:22,-03:00,2025-02-08T22:50:22-03:00,0,67
projects/projects.js,63,js,7d8e0235,JingJun,2025-02-08,22:50:22,-03:00,2025-02-08T22:50:22-03:00,0,50
projects/projects.js,64,js,7d8e0235,JingJun,2025-02-08,22:50:22,-03:00,2025-02-08T22:50:22-03:00,0,7
projects/projects.js,65,js,7d8e0235,JingJun,2025-02-08,22:50:22,-03:00,2025-02-08T22:50:22-03:00,0,31
projects/projects.js,66,js,7d8e0235,JingJun,2025-02-08,22:50:22,-03:00,2025-02-08T22:50:22-03:00,0,62
projects/projects.js,67,js,7d8e0235,JingJun,2025-02-08,22:50:22,-03:00,2025-02-08T22:50:22-03:00,0,5
projects/projects.js,68,js,7d8e0235,JingJun,2025-02-08,22:50:22,-03:00,2025-02-08T22:50:22-03:00,0,0
projects/projects.js,69,js,7d8e0235,JingJun,2025-02-08,22:50:22,-03:00,2025-02-08T22:50:22-03:00,0,0
projects/projects.js,70,js,7d8e0235,JingJun,2025-02-08,22:50:22,-03:00,2025-02-08T22:50:22-03:00,0,14
projects/projects.js,71,js,7d8e0235,JingJun,2025-02-08,22:50:22,-03:00,2025-02-08T22:50:22-03:00,0,54
projects/projects.js,72,js,7d8e0235,JingJun,2025-02-08,22:50:22,-03:00,2025-02-08T22:50:22-03:00,0,45
projects/projects.js,73,js,7d8e0235,JingJun,2025-02-08,22:50:22,-03:00,2025-02-08T22:50:22-03:00,0,39
projects/projects.js,74,js,7d8e0235,JingJun,2025-02-08,22:50:22,-03:00,2025-02-08T22:50:22-03:00,0,33
projects/projects.js,75,js,7d8e0235,JingJun,2025-02-08,22:50:22,-03:00,2025-02-08T22:50:22-03:00,0,72
projects/projects.js,76,js,7d8e0235,JingJun,2025-02-08,22:50:22,-03:00,2025-02-08T22:50:22-03:00,0,70
projects/projects.js,77,js,7d8e0235,JingJun,2025-02-08,22:50:22,-03:00,2025-02-08T22:50:22-03:00,0,0
projects/projects.js,78,js,7d8e0235,JingJun,2025-02-08,22:50:22,-03:00,2025-02-08T22:50:22-03:00,0,54
projects/projects.js,79,js,7d8e0235,JingJun,2025-02-08,22:50:22,-03:00,2025-02-08T22:50:22-03:00,0,30
projects/projects.js,80,js,7d8e0235,JingJun,2025-02-08,22:50:22,-03:00,2025-02-08T22:50:22-03:00,0,13
projects/projects.js,81,js,7d8e0235,JingJun,2025-02-08,22:50:22,-03:00,2025-02-08T22:50:22-03:00,0,15
projects/projects.js,82,js,7d8e0235,JingJun,2025-02-08,22:50:22,-03:00,2025-02-08T22:50:22-03:00,0,12
projects/projects.js,83,js,7d8e0235,JingJun,2025-02-08,22:50:22,-03:00,2025-02-08T22:50:22-03:00,0,1
projects/projects.js,84,js,7d8e0235,JingJun,2025-02-08,22:50:22,-03:00,2025-02-08T22:50:22-03:00,0,0
projects/projects.js,85,js,7d8e0235,JingJun,2025-02-08,22:50:22,-03:00,2025-02-08T22:50:22-03:00,0,60
projects/projects.js,86,js,7d8e0235,JingJun,2025-02-08,22:50:22,-03:00,2025-02-08T22:50:22-03:00,0,51
projects/projects.js,87,js,7d8e0235,JingJun,2025-02-08,22:50:22,-03:00,2025-02-08T22:50:22-03:00,0,36
projects/projects.js,88,js,7d8e0235,JingJun,2025-02-08,22:50:22,-03:00,2025-02-08T22:50:22-03:00,0,2
projects/projects.js,89,js,7d8e0235,JingJun,2025-02-08,22:50:22,-03:00,2025-02-08T22:50:22-03:00,0,0
projects/projects.js,90,js,7d8e0235,JingJun,2025-02-08,22:50:22,-03:00,2025-02-08T22:50:22-03:00,0,59
projects/projects.js,91,js,7d8e0235,JingJun,2025-02-08,22:50:22,-03:00,2025-02-08T22:50:22-03:00,0,54
projects/projects.js,92,js,7d8e0235,JingJun,2025-02-08,22:50:22,-03:00,2025-02-08T22:50:22-03:00,0,43
projects/projects.js,93,js,7d8e0235,JingJun,2025-02-08,22:50:22,-03:00,2025-02-08T22:50:22-03:00,0,52
projects/projects.js,94,js,7d8e0235,JingJun,2025-02-08,22:50:22,-03:00,2025-02-08T22:50:22-03:00,0,0
projects/projects.js,95,js,7d8e0235,JingJun,2025-02-08,22:50:22,-03:00,2025-02-08T22:50:22-03:00,0,38
projects/projects.js,96,js,7d8e0235,JingJun,2025-02-08,22:50:22,-03:00,2025-02-08T22:50:22-03:00,0,48
projects/projects.js,97,js,7d8e0235,JingJun,2025-02-08,22:50:22,-03:00,2025-02-08T22:50:22-03:00,0,0
projects/projects.js,98,js,7d8e0235,JingJun,2025-02-08,22:50:22,-03:00,2025-02-08T22:50:22-03:00,0,37
projects/projects.js,99,js,7d8e0235,JingJun,2025-02-08,22:50:22,-03:00,2025-02-08T22:50:22-03:00,0,30
projects/projects.js,100,js,7d8e0235,JingJun,2025-02-08,22:50:22,-03:00,2025-02-08T22:50:22-03:00,0,15
projects/projects.js,101,js,7d8e0235,JingJun,2025-02-08,22:50:22,-03:00,2025-02-08T22:50:22-03:00,0,14
projects/projects.js,102,js,7d8e0235,JingJun,2025-02-08,22:50:22,-03:00,2025-02-08T22:50:22-03:00,0,14
projects/projects.js,103,js,7d8e0235,JingJun,2025-02-08,22:50:22,-03:00,2025-02-08T22:50:22-03:00,0,60
projects/projects.js,104,js,7d8e0235,JingJun,2025-02-08,22:50:22,-03:00,2025-02-08T22:50:22-03:00,0,2
projects/projects.js,105,js,7d8e0235,JingJun,2025-02-08,22:50:22,-03:00,2025-02-08T22:50:22-03:00,0,0
projects/projects.js,106,js,7d8e0235,JingJun,2025-02-08,22:50:22,-03:00,2025-02-08T22:50:22-03:00,0,21
projects/projects.js,107,js,7d8e0235,JingJun,2025-02-08,22:50:22,-03:00,2025-02-08T22:50:22-03:00,0,33
projects/projects.js,108,js,7d8e0235,JingJun,2025-02-08,22:50:22,-03:00,2025-02-08T22:50:22-03:00,0,28
projects/projects.js,109,js,7d8e0235,JingJun,2025-02-08,22:50:22,-03:00,2025-02-08T22:50:22-03:00,0,18
projects/projects.js,110,js,7d8e0235,JingJun,2025-02-08,22:50:22,-03:00,2025-02-08T22:50:22-03:00,0,22
projects/projects.js,111,js,7d8e0235,JingJun,2025-02-08,22:50:22,-03:00,2025-02-08T22:50:22-03:00,0,39
projects/projects.js,112,js,7d8e0235,JingJun,2025-02-08,22:50:22,-03:00,2025-02-08T22:50:22-03:00,0,70
projects/projects.js,113,js,7d8e0235,JingJun,2025-02-08,22:50:22,-03:00,2025-02-08T22:50:22-03:00,0,2
projects/projects.js,114,js,7d8e0235,JingJun,2025-02-08,22:50:22,-03:00,2025-02-08T22:50:22-03:00,0,0
projects/projects.js,115,js,7d8e0235,JingJun,2025-02-08,22:50:22,-03:00,2025-02-08T22:50:22-03:00,0,16
projects/projects.js,116,js,7d8e0235,JingJun,2025-02-08,22:50:22,-03:00,2025-02-08T22:50:22-03:00,0,22
projects/projects.js,117,js,7d8e0235,JingJun,2025-02-08,22:50:22,-03:00,2025-02-08T22:50:22-03:00,0,26
projects/projects.js,118,js,7d8e0235,JingJun,2025-02-08,22:50:22,-03:00,2025-02-08T22:50:22-03:00,0,30
projects/projects.js,119,js,7d8e0235,JingJun,2025-02-08,22:50:22,-03:00,2025-02-08T22:50:22-03:00,0,28
projects/projects.js,120,js,7d8e0235,JingJun,2025-02-08,22:50:22,-03:00,2025-02-08T22:50:22-03:00,0,2
projects/projects.js,121,js,7d8e0235,JingJun,2025-02-08,22:50:22,-03:00,2025-02-08T22:50:22-03:00,0,14
projects/projects.js,122,js,7d8e0235,JingJun,2025-02-08,22:50:22,-03:00,2025-02-08T22:50:22-03:00,0,14
projects/projects.js,123,js,7d8e0235,JingJun,2025-02-08,22:50:22,-03:00,2025-02-08T22:50:22-03:00,0,23
projects/projects.js,124,js,7d8e0235,JingJun,2025-02-08,22:50:22,-03:00,2025-02-08T22:50:22-03:00,0,19
projects/projects.js,125,js,7d8e0235,JingJun,2025-02-08,22:50:22,-03:00,2025-02-08T22:50:22-03:00,0,44
projects/projects.js,126,js,7d8e0235,JingJun,2025-02-08,22:50:22,-03:00,2025-02-08T22:50:22-03:00,0,86
projects/projects.js,127,js,7d8e0235,JingJun,2025-02-08,22:50:22,-03:00,2025-02-08T22:50:22-03:00,0,48
projects/projects.js,128,js,7d8e0235,JingJun,2025-02-08,22:50:22,-03:00,2025-02-08T22:50:22-03:00,0,37
projects/projects.js,129,js,7d8e0235,JingJun,2025-02-08,22:50:22,-03:00,2025-02-08T22:50:22-03:00,0,0
projects/projects.js,130,js,7d8e0235,JingJun,2025-02-08,22:50:22,-03:00,2025-02-08T22:50:22-03:00,0,2
projects/projects.js,131,js,7d8e0235,JingJun,2025-02-08,22:50:22,-03:00,2025-02-08T22:50:22-03:00,0,48
projects/projects.js,132,js,7d8e0235,JingJun,2025-02-08,22:50:22,-03:00,2025-02-08T22:50:22-03:00,0,37
projects/projects.js,133,js,7d8e0235,JingJun,2025-02-08,22:50:22,-03:00,2025-02-08T22:50:22-03:00,0,2
projects/projects.js,134,js,7d8e0235,JingJun,2025-02-08,22:50:22,-03:00,2025-02-08T22:50:22-03:00,0,50
projects/projects.js,135,js,7d8e0235,JingJun,2025-02-08,22:50:22,-03:00,2025-02-08T22:50:22-03:00,0,26
projects/projects.js,136,js,7d8e0235,JingJun,2025-02-08,22:50:22,-03:00,2025-02-08T22:50:22-03:00,0,42
projects/projects.js,137,js,7d8e0235,JingJun,2025-02-08,22:50:22,-03:00,2025-02-08T22:50:22-03:00,0,49
projects/projects.js,138,js,7d8e0235,JingJun,2025-02-08,22:50:22,-03:00,2025-02-08T22:50:22-03:00,0,7
projects/projects.js,139,js,7d8e0235,JingJun,2025-02-08,22:50:22,-03:00,2025-02-08T22:50:22-03:00,0,23
projects/projects.js,140,js,7d8e0235,JingJun,2025-02-08,22:50:22,-03:00,2025-02-08T22:50:22-03:00,0,47
projects/projects.js,141,js,7d8e0235,JingJun,2025-02-08,22:50:22,-03:00,2025-02-08T22:50:22-03:00,0,0
projects/projects.js,142,js,7d8e0235,JingJun,2025-02-08,22:50:22,-03:00,2025-02-08T22:50:22-03:00,0,44
projects/projects.js,143,js,7d8e0235,JingJun,2025-02-08,22:50:22,-03:00,2025-02-08T22:50:22-03:00,0,80
projects/projects.js,144,js,7d8e0235,JingJun,2025-02-08,22:50:22,-03:00,2025-02-08T22:50:22-03:00,0,0
projects/projects.js,145,js,7d8e0235,JingJun,2025-02-08,22:50:22,-03:00,2025-02-08T22:50:22-03:00,0,33
projects/projects.js,146,js,7d8e0235,JingJun,2025-02-08,22:50:22,-03:00,2025-02-08T22:50:22-03:00,0,57
projects/projects.js,147,js,7d8e0235,JingJun,2025-02-08,22:50:22,-03:00,2025-02-08T22:50:22-03:00,0,0
projects/projects.js,148,js,7d8e0235,JingJun,2025-02-08,22:50:22,-03:00,2025-02-08T22:50:22-03:00,0,37
projects/projects.js,149,js,7d8e0235,JingJun,2025-02-08,22:50:22,-03:00,2025-02-08T22:50:22-03:00,0,2
projects/projects.js,150,js,7d8e0235,JingJun,2025-02-08,22:50:22,-03:00,2025-02-08T22:50:22-03:00,0,2
projects/projects.js,151,js,7d8e0235,JingJun,2025-02-08,22:50:22,-03:00,2025-02-08T22:50:22-03:00,0,0
projects/projects.js,152,js,7d8e0235,JingJun,2025-02-08,22:50:22,-03:00,2025-02-08T22:50:22-03:00,0,0
projects/projects.js,153,js,7d8e0235,JingJun,2025-02-08,22:50:22,-03:00,2025-02-08T22:50:22-03:00,0,61
projects/projects.js,154,js,7d8e0235,JingJun,2025-02-08,22:50:22,-03:00,2025-02-08T22:50:22-03:00,0,77
projects/projects.js,155,js,7d8e0235,JingJun,2025-02-08,22:50:22,-03:00,2025-02-08T22:50:22-03:00,0,0
projects/projects.js,156,js,7d8e0235,JingJun,2025-02-08,22:50:22,-03:00,2025-02-08T22:50:22-03:00,0,24
projects/projects.js,157,js,7d8e0235,JingJun,2025-02-08,22:50:22,-03:00,2025-02-08T22:50:22-03:00,0,36
projects/projects.js,158,js,7d8e0235,JingJun,2025-02-08,22:50:22,-03:00,2025-02-08T22:50:22-03:00,0,60
projects/projects.js,159,js,7d8e0235,JingJun,2025-02-08,22:50:22,-03:00,2025-02-08T22:50:22-03:00,0,43
projects/projects.js,160,js,7d8e0235,JingJun,2025-02-08,22:50:22,-03:00,2025-02-08T22:50:22-03:00,0,2
projects/projects.js,161,js,7d8e0235,JingJun,2025-02-08,22:50:22,-03:00,2025-02-08T22:50:22-03:00,0,0
projects/projects.js,162,js,7d8e0235,JingJun,2025-02-08,22:50:22,-03:00,2025-02-08T22:50:22-03:00,0,0
projects/projects.js,163,js,7d8e0235,JingJun,2025-02-08,22:50:22,-03:00,2025-02-08T22:50:22-03:00,0,43
projects/projects.js,164,js,7d8e0235,JingJun,2025-02-08,22:50:22,-03:00,2025-02-08T22:50:22-03:00,0,50
projects/projects.js,165,js,7d8e0235,JingJun,2025-02-08,22:50:22,-03:00,2025-02-08T22:50:22-03:00,0,30
projects/projects.js,166,js,7d8e0235,JingJun,2025-02-08,22:50:22,-03:00,2025-02-08T22:50:22-03:00,0,0
projects/projects.js,167,js,7d8e0235,JingJun,2025-02-08,22:50:22,-03:00,2025-02-08T22:50:22-03:00,0,40
projects/projects.js,168,js,7d8e0235,JingJun,2025-02-08,22:50:22,-03:00,2025-02-08T22:50:22-03:00,0,84
projects/projects.js,169,js,7d8e0235,JingJun,2025-02-08,22:50:22,-03:00,2025-02-08T22:50:22-03:00,0,0
projects/projects.js,170,js,7d8e0235,JingJun,2025-02-08,22:50:22,-03:00,2025-02-08T22:50:22-03:00,0,54
projects/projects.js,171,js,7d8e0235,JingJun,2025-02-08,22:50:22,-03:00,2025-02-08T22:50:22-03:00,0,111
projects/projects.js,172,js,7d8e0235,JingJun,2025-02-08,22:50:22,-03:00,2025-02-08T22:50:22-03:00,0,78
projects/projects.js,173,js,7d8e0235,JingJun,2025-02-08,22:50:22,-03:00,2025-02-08T22:50:22-03:00,0,2
projects/projects.js,174,js,7d8e0235,JingJun,2025-02-08,22:50:22,-03:00,2025-02-08T22:50:22-03:00,0,0
projects/index.html,1,html,67574223,JingJun,2025-01-10,03:11:47,-03:00,2025-01-10T03:11:47-03:00,0,14
projects/index.html,2,html,67574223,JingJun,2025-01-10,03:11:47,-03:00,2025-01-10T03:11:47-03:00,0,15
projects/index.html,3,html,67574223,JingJun,2025-01-10,03:11:47,-03:00,2025-01-10T03:11:47-03:00,0,5
projects/index.html,4,html,67574223,JingJun,2025-01-10,03:11:47,-03:00,2025-01-10T03:11:47-03:00,0,21
projects/index.html,5,html,67574223,JingJun,2025-01-10,03:11:47,-03:00,2025-01-10T03:11:47-03:00,0,69
projects/index.html,6,html,67574223,JingJun,2025-01-10,03:11:47,-03:00,2025-01-10T03:11:47-03:00,0,32
projects/index.html,7,html,b933b4e9,JingJun,2025-01-15,06:37:30,-03:00,2025-01-15T06:37:30-03:00,0,63
projects/index.html,8,html,99002268,JingJun,2025-01-24,01:30:06,-03:00,2025-01-24T01:30:06-03:00,0,51
projects/index.html,9,html,4c24dc04,JingJun,2025-01-31,08:03:20,-03:00,2025-01-31T08:03:20-03:00,0,50
projects/index.html,10,html,278c1c96,JingJun,2025-01-24,09:30:54,-03:00,2025-01-24T09:30:54-03:00,0,3
projects/index.html,11,html,7d68fb65,JingJun,2025-01-24,06:26:42,-03:00,2025-01-24T06:26:42-03:00,0,33
projects/index.html,12,html,5e99c81b,JingJun,2025-01-24,06:36:15,-03:00,2025-01-24T06:36:15-03:00,0,7
projects/index.html,13,html,5e99c81b,JingJun,2025-01-24,06:36:15,-03:00,2025-01-24T06:36:15-03:00,0,45
projects/index.html,14,html,5e99c81b,JingJun,2025-01-24,06:36:15,-03:00,2025-01-24T06:36:15-03:00,0,37
projects/index.html,15,html,5e99c81b,JingJun,2025-01-24,06:36:15,-03:00,2025-01-24T06:36:15-03:00,0,35
projects/index.html,16,html,5e99c81b,JingJun,2025-01-24,06:36:15,-03:00,2025-01-24T06:36:15-03:00,0,8
projects/index.html,17,html,278c1c96,JingJun,2025-01-24,09:30:54,-03:00,2025-01-24T09:30:54-03:00,0,10
projects/index.html,18,html,b933b4e9,JingJun,2025-01-15,06:37:30,-03:00,2025-01-15T06:37:30-03:00,0,0
projects/index.html,19,html,f02b9892,JingJun,2025-01-16,06:24:15,-03:00,2025-01-16T06:24:15-03:00,0,16
projects/index.html,20,html,7d8e0235,JingJun,2025-02-08,22:50:22,-03:00,2025-02-08T22:50:22-03:00,0,0
projects/index.html,21,html,7d8e0235,JingJun,2025-02-08,22:50:22,-03:00,2025-02-08T22:50:22-03:00,0,58
projects/index.html,22,html,7d8e0235,JingJun,2025-02-08,22:50:22,-03:00,2025-02-08T22:50:22-03:00,0,41
projects/index.html,23,html,7d8e0235,JingJun,2025-02-08,22:50:22,-03:00,2025-02-08T22:50:22-03:00,0,9
projects/index.html,24,html,7d8e0235,JingJun,2025-02-08,22:50:22,-03:00,2025-02-08T22:50:22-03:00,0,0
projects/index.html,25,html,7d8e0235,JingJun,2025-02-08,22:50:22,-03:00,2025-02-08T22:50:22-03:00,0,45
projects/index.html,26,html,7d8e0235,JingJun,2025-02-08,22:50:22,-03:00,2025-02-08T22:50:22-03:00,0,52
projects/index.html,27,html,7d8e0235,JingJun,2025-02-08,22:50:22,-03:00,2025-02-08T22:50:22-03:00,0,11
projects/index.html,28,html,7d8e0235,JingJun,2025-02-08,22:50:22,-03:00,2025-02-08T22:50:22-03:00,0,5
projects/index.html,29,html,7d8e0235,JingJun,2025-02-08,22:50:22,-03:00,2025-02-08T22:50:22-03:00,0,18
projects/index.html,30,html,7d8e0235,JingJun,2025-02-08,22:50:22,-03:00,2025-02-08T22:50:22-03:00,0,11
projects/index.html,31,html,7d8e0235,JingJun,2025-02-08,22:50:22,-03:00,2025-02-08T22:50:22-03:00,0,4
projects/index.html,32,html,7d8e0235,JingJun,2025-02-08,22:50:22,-03:00,2025-02-08T22:50:22-03:00,0,5
projects/index.html,33,html,7d8e0235,JingJun,2025-02-08,22:50:22,-03:00,2025-02-08T22:50:22-03:00,0,0
projects/index.html,34,html,7d8e0235,JingJun,2025-02-08,22:50:22,-03:00,2025-02-08T22:50:22-03:00,0,5
projects/index.html,35,html,7d8e0235,JingJun,2025-02-08,22:50:22,-03:00,2025-02-08T22:50:22-03:00,0,16
projects/index.html,36,html,7d8e0235,JingJun,2025-02-08,22:50:22,-03:00,2025-02-08T22:50:22-03:00,0,12
projects/index.html,37,html,7d8e0235,JingJun,2025-02-08,22:50:22,-03:00,2025-02-08T22:50:22-03:00,0,27
projects/index.html,38,html,7d8e0235,JingJun,2025-02-08,22:50:22,-03:00,2025-02-08T22:50:22-03:00,0,32
projects/index.html,39,html,7d8e0235,JingJun,2025-02-08,22:50:22,-03:00,2025-02-08T22:50:22-03:00,0,1
projects/index.html,40,html,7d8e0235,JingJun,2025-02-08,22:50:22,-03:00,2025-02-08T22:50:22-03:00,0,0
projects/index.html,41,html,7d8e0235,JingJun,2025-02-08,22:50:22,-03:00,2025-02-08T22:50:22-03:00,0,0
projects/index.html,42,html,f02b9892,JingJun,2025-01-16,06:24:15,-03:00,2025-01-16T06:24:15-03:00,0,0
projects/index.html,43,html,f02b9892,JingJun,2025-01-16,06:24:15,-03:00,2025-01-16T06:24:15-03:00,0,21
projects/index.html,44,html,4c24dc04,JingJun,2025-01-31,08:03:20,-03:00,2025-01-31T08:03:20-03:00,0,13
projects/index.html,45,html,f02b9892,JingJun,2025-01-16,06:24:15,-03:00,2025-01-16T06:24:15-03:00,0,30
projects/index.html,46,html,f02b9892,JingJun,2025-01-16,06:24:15,-03:00,2025-01-16T06:24:15-03:00,0,71
projects/index.html,47,html,f02b9892,JingJun,2025-01-16,06:24:15,-03:00,2025-01-16T06:24:15-03:00,0,229
projects/index.html,48,html,f02b9892,JingJun,2025-01-16,06:24:15,-03:00,2025-01-16T06:24:15-03:00,0,9
projects/index.html,49,html,f02b9892,JingJun,2025-01-16,06:24:15,-03:00,2025-01-16T06:24:15-03:00,0,8
projects/index.html,50,html,f02b9892,JingJun,2025-01-16,06:24:15,-03:00,2025-01-16T06:24:15-03:00,0,28
projects/index.html,51,html,f02b9892,JingJun,2025-01-16,06:24:15,-03:00,2025-01-16T06:24:15-03:00,0,71
projects/index.html,52,html,f02b9892,JingJun,2025-01-16,06:24:15,-03:00,2025-01-16T06:24:15-03:00,0,253
projects/index.html,53,html,f02b9892,JingJun,2025-01-16,06:24:15,-03:00,2025-01-16T06:24:15-03:00,0,9
projects/index.html,54,html,f02b9892,JingJun,2025-01-16,06:24:15,-03:00,2025-01-16T06:24:15-03:00,0,8
projects/index.html,55,html,f02b9892,JingJun,2025-01-16,06:24:15,-03:00,2025-01-16T06:24:15-03:00,0,37
projects/index.html,56,html,f02b9892,JingJun,2025-01-16,06:24:15,-03:00,2025-01-16T06:24:15-03:00,0,71
projects/index.html,57,html,f02b9892,JingJun,2025-01-16,06:24:15,-03:00,2025-01-16T06:24:15-03:00,0,238
projects/index.html,58,html,f02b9892,JingJun,2025-01-16,06:24:15,-03:00,2025-01-16T06:24:15-03:00,0,9
projects/index.html,59,html,f02b9892,JingJun,2025-01-16,06:24:15,-03:00,2025-01-16T06:24:15-03:00,0,8
projects/index.html,60,html,f02b9892,JingJun,2025-01-16,06:24:15,-03:00,2025-01-16T06:24:15-03:00,0,32
projects/index.html,61,html,f02b9892,JingJun,2025-01-16,06:24:15,-03:00,2025-01-16T06:24:15-03:00,0,71
projects/index.html,62,html,f02b9892,JingJun,2025-01-16,06:24:15,-03:00,2025-01-16T06:24:15-03:00,0,230
projects/index.html,63,html,f02b9892,JingJun,2025-01-16,06:24:15,-03:00,2025-01-16T06:24:15-03:00,0,9
projects/index.html,64,html,f02b9892,JingJun,2025-01-16,06:24:15,-03:00,2025-01-16T06:24:15-03:00,0,8
projects/index.html,65,html,f02b9892,JingJun,2025-01-16,06:24:15,-03:00,2025-01-16T06:24:15-03:00,0,40
projects/index.html,66,html,f02b9892,JingJun,2025-01-16,06:24:15,-03:00,2025-01-16T06:24:15-03:00,0,71
projects/index.html,67,html,f02b9892,JingJun,2025-01-16,06:24:15,-03:00,2025-01-16T06:24:15-03:00,0,224
projects/index.html,68,html,f02b9892,JingJun,2025-01-16,06:24:15,-03:00,2025-01-16T06:24:15-03:00,0,9
projects/index.html,69,html,f02b9892,JingJun,2025-01-16,06:24:15,-03:00,2025-01-16T06:24:15-03:00,0,8
projects/index.html,70,html,f02b9892,JingJun,2025-01-16,06:24:15,-03:00,2025-01-16T06:24:15-03:00,0,35
projects/index.html,71,html,f02b9892,JingJun,2025-01-16,06:24:15,-03:00,2025-01-16T06:24:15-03:00,0,71
projects/index.html,72,html,f02b9892,JingJun,2025-01-16,06:24:15,-03:00,2025-01-16T06:24:15-03:00,0,217
projects/index.html,73,html,f02b9892,JingJun,2025-01-16,06:24:15,-03:00,2025-01-16T06:24:15-03:00,0,9
projects/index.html,74,html,f02b9892,JingJun,2025-01-16,06:24:15,-03:00,2025-01-16T06:24:15-03:00,0,8
projects/index.html,75,html,f02b9892,JingJun,2025-01-16,06:24:15,-03:00,2025-01-16T06:24:15-03:00,0,39
projects/index.html,76,html,f02b9892,JingJun,2025-01-16,06:24:15,-03:00,2025-01-16T06:24:15-03:00,0,71
projects/index.html,77,html,f02b9892,JingJun,2025-01-16,06:24:15,-03:00,2025-01-16T06:24:15-03:00,0,220
projects/index.html,78,html,f02b9892,JingJun,2025-01-16,06:24:15,-03:00,2025-01-16T06:24:15-03:00,0,9
projects/index.html,79,html,f02b9892,JingJun,2025-01-16,06:24:15,-03:00,2025-01-16T06:24:15-03:00,0,8
projects/index.html,80,html,f02b9892,JingJun,2025-01-16,06:24:15,-03:00,2025-01-16T06:24:15-03:00,0,37
projects/index.html,81,html,f02b9892,JingJun,2025-01-16,06:24:15,-03:00,2025-01-16T06:24:15-03:00,0,71
projects/index.html,82,html,f02b9892,JingJun,2025-01-16,06:24:15,-03:00,2025-01-16T06:24:15-03:00,0,240
projects/index.html,83,html,f02b9892,JingJun,2025-01-16,06:24:15,-03:00,2025-01-16T06:24:15-03:00,0,9
projects/index.html,84,html,f02b9892,JingJun,2025-01-16,06:24:15,-03:00,2025-01-16T06:24:15-03:00,0,8
projects/index.html,85,html,f02b9892,JingJun,2025-01-16,06:24:15,-03:00,2025-01-16T06:24:15-03:00,0,39
projects/index.html,86,html,f02b9892,JingJun,2025-01-16,06:24:15,-03:00,2025-01-16T06:24:15-03:00,0,71
projects/index.html,87,html,f02b9892,JingJun,2025-01-16,06:24:15,-03:00,2025-01-16T06:24:15-03:00,0,231
projects/index.html,88,html,f02b9892,JingJun,2025-01-16,06:24:15,-03:00,2025-01-16T06:24:15-03:00,0,9
projects/index.html,89,html,f02b9892,JingJun,2025-01-16,06:24:15,-03:00,2025-01-16T06:24:15-03:00,0,8
projects/index.html,90,html,f02b9892,JingJun,2025-01-16,06:24:15,-03:00,2025-01-16T06:24:15-03:00,0,34
projects/index.html,91,html,f02b9892,JingJun,2025-01-16,06:24:15,-03:00,2025-01-16T06:24:15-03:00,0,71
projects/index.html,92,html,f02b9892,JingJun,2025-01-16,06:24:15,-03:00,2025-01-16T06:24:15-03:00,0,239
projects/index.html,93,html,f02b9892,JingJun,2025-01-16,06:24:15,-03:00,2025-01-16T06:24:15-03:00,0,9
projects/index.html,94,html,f02b9892,JingJun,2025-01-16,06:24:15,-03:00,2025-01-16T06:24:15-03:00,0,8
projects/index.html,95,html,f02b9892,JingJun,2025-01-16,06:24:15,-03:00,2025-01-16T06:24:15-03:00,0,33
projects/index.html,96,html,f02b9892,JingJun,2025-01-16,06:24:15,-03:00,2025-01-16T06:24:15-03:00,0,71
projects/index.html,97,html,f02b9892,JingJun,2025-01-16,06:24:15,-03:00,2025-01-16T06:24:15-03:00,0,236
projects/index.html,98,html,f02b9892,JingJun,2025-01-16,06:24:15,-03:00,2025-01-16T06:24:15-03:00,0,9
projects/index.html,99,html,f02b9892,JingJun,2025-01-16,06:24:15,-03:00,2025-01-16T06:24:15-03:00,0,8
projects/index.html,100,html,f02b9892,JingJun,2025-01-16,06:24:15,-03:00,2025-01-16T06:24:15-03:00,0,50
projects/index.html,101,html,f02b9892,JingJun,2025-01-16,06:24:15,-03:00,2025-01-16T06:24:15-03:00,0,71
projects/index.html,102,html,f02b9892,JingJun,2025-01-16,06:24:15,-03:00,2025-01-16T06:24:15-03:00,0,259
projects/index.html,103,html,4c24dc04,JingJun,2025-01-31,08:03:20,-03:00,2025-01-31T08:03:20-03:00,0,13
projects/index.html,104,html,f02b9892,JingJun,2025-01-16,06:24:15,-03:00,2025-01-16T06:24:15-03:00,0,5
projects/index.html,105,html,f02b9892,JingJun,2025-01-16,06:24:15,-03:00,2025-01-16T06:24:15-03:00,0,0
projects/index.html,106,html,0d21bfc0,JingJun,2025-01-24,03:17:56,-03:00,2025-01-24T03:17:56-03:00,0,3
projects/index.html,107,html,67574223,JingJun,2025-01-10,03:11:47,-03:00,2025-01-10T03:11:47-03:00,0,4
projects/index.html,108,html,8d394051,JingJun,2025-01-10,04:18:05,-03:00,2025-01-10T04:18:05-03:00,0,49
projects/index.html,109,html,8d394051,JingJun,2025-01-10,04:18:05,-03:00,2025-01-10T04:18:05-03:00,0,60
projects/index.html,110,html,35cf4de1,JingJun,2025-01-10,06:10:59,-03:00,2025-01-10T06:10:59-03:00,0,54
projects/index.html,111,html,99002268,JingJun,2025-01-24,01:30:06,-03:00,2025-01-24T01:30:06-03:00,0,49
projects/index.html,112,html,0d21bfc0,JingJun,2025-01-24,03:17:56,-03:00,2025-01-24T03:17:56-03:00,0,23
projects/index.html,113,html,0d21bfc0,JingJun,2025-01-24,03:17:56,-03:00,2025-01-24T03:17:56-03:00,0,9
projects/index.html,114,html,67574223,JingJun,2025-01-10,03:11:47,-03:00,2025-01-10T03:11:47-03:00,0,6
projects/index.html,115,html,67574223,JingJun,2025-01-10,03:11:47,-03:00,2025-01-10T03:11:47-03:00,0,5
projects/index.html,116,html,06ce5474,JingJun,2025-01-15,03:13:50,-03:00,2025-01-15T03:13:50-03:00,0,33
projects/index.html,117,html,67574223,JingJun,2025-01-10,03:11:47,-03:00,2025-01-10T03:11:47-03:00,0,6
projects/index.html,118,html,1afbae47,JingJun,2025-01-15,07:35:14,-03:00,2025-01-15T07:35:14-03:00,0,6
projects/index.html,119,html,1afbae47,JingJun,2025-01-15,07:35:14,-03:00,2025-01-15T07:35:14-03:00,0,0
contact/styleCT.css,1,css,9f3f1919,JingJun,2025-01-15,10:12:19,-03:00,2025-01-15T10:12:19-03:00,0,5
contact/styleCT.css,2,css,9f3f1919,JingJun,2025-01-15,10:12:19,-03:00,2025-01-15T10:12:19-03:00,0,33
contact/styleCT.css,3,css,9f3f1919,JingJun,2025-01-15,10:12:19,-03:00,2025-01-15T10:12:19-03:00,0,33
contact/styleCT.css,4,css,7d68fb65,JingJun,2025-01-24,06:26:42,-03:00,2025-01-24T06:26:42-03:00,0,18
contact/styleCT.css,5,css,9f3f1919,JingJun,2025-01-15,10:12:19,-03:00,2025-01-15T10:12:19-03:00,0,0
contact/styleCT.css,6,css,9f3f1919,JingJun,2025-01-15,10:12:19,-03:00,2025-01-15T10:12:19-03:00,0,0
contact/styleCT.css,7,css,278c1c96,JingJun,2025-01-24,09:30:54,-03:00,2025-01-24T09:30:54-03:00,0,13
contact/styleCT.css,8,css,278c1c96,JingJun,2025-01-24,09:30:54,-03:00,2025-01-24T09:30:54-03:00,0,18
contact/styleCT.css,9,css,278c1c96,JingJun,2025-01-24,09:30:54,-03:00,2025-01-24T09:30:54-03:00,0,11
contact/styleCT.css,10,css,278c1c96,JingJun,2025-01-24,09:30:54,-03:00,2025-01-24T09:30:54-03:00,0,8
contact/styleCT.css,11,css,278c1c96,JingJun,2025-01-24,09:30:54,-03:00,2025-01-24T09:30:54-03:00,0,0
contact/styleCT.css,12,css,278c1c96,JingJun,2025-01-24,09:30:54,-03:00,2025-01-24T09:30:54-03:00,0,0
contact/styleCT.css,13,css,2e67d58d,JingJun,2025-01-15,04:50:01,-03:00,2025-01-15T04:50:01-03:00,0,5
contact/styleCT.css,14,css,b933b4e9,JingJun,2025-01-15,06:37:30,-03:00,2025-01-15T06:37:30-03:00,0,44
contact/styleCT.css,15,css,b933b4e9,JingJun,2025-01-15,06:37:30,-03:00,2025-01-15T06:37:30-03:00,0,43
contact/styleCT.css,16,css,b933b4e9,JingJun,2025-01-15,06:37:30,-03:00,2025-01-15T06:37:30-03:00,0,1
contact/styleCT.css,17,css,b933b4e9,JingJun,2025-01-15,06:37:30,-03:00,2025-01-15T06:37:30-03:00,0,24
contact/styleCT.css,18,css,b933b4e9,JingJun,2025-01-15,06:37:30,-03:00,2025-01-15T06:37:30-03:00,0,15
contact/styleCT.css,19,css,b933b4e9,JingJun,2025-01-15,06:37:30,-03:00,2025-01-15T06:37:30-03:00,0,19
contact/styleCT.css,20,css,b933b4e9,JingJun,2025-01-15,06:37:30,-03:00,2025-01-15T06:37:30-03:00,0,12
contact/styleCT.css,21,css,7d68fb65,JingJun,2025-01-24,06:26:42,-03:00,2025-01-24T06:26:42-03:00,0,28
contact/styleCT.css,22,css,b933b4e9,JingJun,2025-01-15,06:37:30,-03:00,2025-01-15T06:37:30-03:00,0,0
contact/styleCT.css,23,css,2e67d58d,JingJun,2025-01-15,04:50:01,-03:00,2025-01-15T04:50:01-03:00,0,0
contact/styleCT.css,24,css,1afbae47,JingJun,2025-01-15,07:35:14,-03:00,2025-01-15T07:35:14-03:00,0,0
contact/styleCT.css,25,css,2e67d58d,JingJun,2025-01-15,04:50:01,-03:00,2025-01-15T04:50:01-03:00,0,4
contact/styleCT.css,26,css,b933b4e9,JingJun,2025-01-15,06:37:30,-03:00,2025-01-15T06:37:30-03:00,0,13
contact/styleCT.css,27,css,b933b4e9,JingJun,2025-01-15,06:37:30,-03:00,2025-01-15T06:37:30-03:00,0,18
contact/styleCT.css,28,css,b933b4e9,JingJun,2025-01-15,06:37:30,-03:00,2025-01-15T06:37:30-03:00,0,24
contact/styleCT.css,29,css,b933b4e9,JingJun,2025-01-15,06:37:30,-03:00,2025-01-15T06:37:30-03:00,0,26
contact/styleCT.css,30,css,7d68fb65,JingJun,2025-01-24,06:26:42,-03:00,2025-01-24T06:26:42-03:00,0,44
contact/styleCT.css,31,css,7d68fb65,JingJun,2025-01-24,06:26:42,-03:00,2025-01-24T06:26:42-03:00,0,40
contact/styleCT.css,32,css,7d68fb65,JingJun,2025-01-24,06:26:42,-03:00,2025-01-24T06:26:42-03:00,0,40
contact/styleCT.css,33,css,2e67d58d,JingJun,2025-01-15,04:50:01,-03:00,2025-01-15T04:50:01-03:00,0,0
contact/styleCT.css,34,css,2e67d58d,JingJun,2025-01-15,04:50:01,-03:00,2025-01-15T04:50:01-03:00,0,0
contact/styleCT.css,35,css,9f3f1919,JingJun,2025-01-15,10:12:19,-03:00,2025-01-15T10:12:19-03:00,0,11
contact/styleCT.css,36,css,9f3f1919,JingJun,2025-01-15,10:12:19,-03:00,2025-01-15T10:12:19-03:00,0,44
contact/styleCT.css,37,css,9f3f1919,JingJun,2025-01-15,10:12:19,-03:00,2025-01-15T10:12:19-03:00,0,58
contact/styleCT.css,38,css,7d68fb65,JingJun,2025-01-24,06:26:42,-03:00,2025-01-24T06:26:42-03:00,0,70
contact/styleCT.css,39,css,9f3f1919,JingJun,2025-01-15,10:12:19,-03:00,2025-01-15T10:12:19-03:00,0,0
contact/styleCT.css,40,css,9f3f1919,JingJun,2025-01-15,10:12:19,-03:00,2025-01-15T10:12:19-03:00,0,0
contact/styleCT.css,41,css,9f3f1919,JingJun,2025-01-15,10:12:19,-03:00,2025-01-15T10:12:19-03:00,0,0
contact/styleCT.css,42,css,2e67d58d,JingJun,2025-01-15,04:50:01,-03:00,2025-01-15T04:50:01-03:00,0,2
contact/styleCT.css,43,css,b933b4e9,JingJun,2025-01-15,06:37:30,-03:00,2025-01-15T06:37:30-03:00,0,7
contact/styleCT.css,44,css,b933b4e9,JingJun,2025-01-15,06:37:30,-03:00,2025-01-15T06:37:30-03:00,0,21
contact/styleCT.css,45,css,b933b4e9,JingJun,2025-01-15,06:37:30,-03:00,2025-01-15T06:37:30-03:00,0,14
contact/styleCT.css,46,css,b933b4e9,JingJun,2025-01-15,06:37:30,-03:00,2025-01-15T06:37:30-03:00,0,18
contact/styleCT.css,47,css,b933b4e9,JingJun,2025-01-15,06:37:30,-03:00,2025-01-15T06:37:30-03:00,0,14
contact/styleCT.css,48,css,b933b4e9,JingJun,2025-01-15,06:37:30,-03:00,2025-01-15T06:37:30-03:00,0,0
contact/styleCT.css,49,css,b933b4e9,JingJun,2025-01-15,06:37:30,-03:00,2025-01-15T06:37:30-03:00,0,0
contact/styleCT.css,50,css,1afbae47,JingJun,2025-01-15,07:35:14,-03:00,2025-01-15T07:35:14-03:00,0,0
contact/styleCT.css,51,css,f02b9892,JingJun,2025-01-16,06:24:15,-03:00,2025-01-16T06:24:15-03:00,0,1
contact/styleCT.css,52,css,f02b9892,JingJun,2025-01-16,06:24:15,-03:00,2025-01-16T06:24:15-03:00,0,24
contact/styleCT.css,53,css,9f3f1919,JingJun,2025-01-15,10:12:19,-03:00,2025-01-15T10:12:19-03:00,0,13
contact/styleCT.css,54,css,9f3f1919,JingJun,2025-01-15,10:12:19,-03:00,2025-01-15T10:12:19-03:00,0,14
contact/styleCT.css,55,css,9f3f1919,JingJun,2025-01-15,10:12:19,-03:00,2025-01-15T10:12:19-03:00,0,19
contact/styleCT.css,56,css,9f3f1919,JingJun,2025-01-15,10:12:19,-03:00,2025-01-15T10:12:19-03:00,0,10
contact/styleCT.css,57,css,9f3f1919,JingJun,2025-01-15,10:12:19,-03:00,2025-01-15T10:12:19-03:00,0,0
contact/styleCT.css,58,css,9f3f1919,JingJun,2025-01-15,10:12:19,-03:00,2025-01-15T10:12:19-03:00,0,2
contact/styleCT.css,59,css,f02b9892,JingJun,2025-01-16,06:24:15,-03:00,2025-01-16T06:24:15-03:00,0,0
contact/styleCT.css,60,css,9f3f1919,JingJun,2025-01-15,10:12:19,-03:00,2025-01-15T10:12:19-03:00,0,5
contact/styleCT.css,61,css,9f3f1919,JingJun,2025-01-15,10:12:19,-03:00,2025-01-15T10:12:19-03:00,0,13
contact/styleCT.css,62,css,9f3f1919,JingJun,2025-01-15,10:12:19,-03:00,2025-01-15T10:12:19-03:00,0,31
contact/styleCT.css,63,css,1afbae47,JingJun,2025-01-15,07:35:14,-03:00,2025-01-15T07:35:14-03:00,0,0
contact/styleCT.css,64,css,1afbae47,JingJun,2025-01-15,07:35:14,-03:00,2025-01-15T07:35:14-03:00,0,0
contact/styleCT.css,65,css,9f3f1919,JingJun,2025-01-15,10:12:19,-03:00,2025-01-15T10:12:19-03:00,0,6
contact/styleCT.css,66,css,9f3f1919,JingJun,2025-01-15,10:12:19,-03:00,2025-01-15T10:12:19-03:00,0,13
contact/styleCT.css,67,css,9f3f1919,JingJun,2025-01-15,10:12:19,-03:00,2025-01-15T10:12:19-03:00,0,30
contact/styleCT.css,68,css,9f3f1919,JingJun,2025-01-15,10:12:19,-03:00,2025-01-15T10:12:19-03:00,0,17
contact/styleCT.css,69,css,9f3f1919,JingJun,2025-01-15,10:12:19,-03:00,2025-01-15T10:12:19-03:00,0,0
contact/styleCT.css,70,css,9f3f1919,JingJun,2025-01-15,10:12:19,-03:00,2025-01-15T10:12:19-03:00,0,0
contact/styleCT.css,71,css,9f3f1919,JingJun,2025-01-15,10:12:19,-03:00,2025-01-15T10:12:19-03:00,0,0
contact/styleCT.css,72,css,9f3f1919,JingJun,2025-01-15,10:12:19,-03:00,2025-01-15T10:12:19-03:00,0,0
contact/styleCT.css,73,css,b933b4e9,JingJun,2025-01-15,06:37:30,-03:00,2025-01-15T06:37:30-03:00,0,18
contact/styleCT.css,74,css,7d68fb65,JingJun,2025-01-24,06:26:42,-03:00,2025-01-24T06:26:42-03:00,0,69
contact/styleCT.css,75,css,b933b4e9,JingJun,2025-01-15,06:37:30,-03:00,2025-01-15T06:37:30-03:00,0,0
contact/index.html,1,html,67574223,JingJun,2025-01-10,03:11:47,-03:00,2025-01-10T03:11:47-03:00,0,14
contact/index.html,2,html,67574223,JingJun,2025-01-10,03:11:47,-03:00,2025-01-10T03:11:47-03:00,0,15
contact/index.html,3,html,67574223,JingJun,2025-01-10,03:11:47,-03:00,2025-01-10T03:11:47-03:00,0,5
contact/index.html,4,html,67574223,JingJun,2025-01-10,03:11:47,-03:00,2025-01-10T03:11:47-03:00,0,21
contact/index.html,5,html,67574223,JingJun,2025-01-10,03:11:47,-03:00,2025-01-10T03:11:47-03:00,0,69
contact/index.html,6,html,67574223,JingJun,2025-01-10,03:11:47,-03:00,2025-01-10T03:11:47-03:00,0,17
contact/index.html,7,html,b933b4e9,JingJun,2025-01-15,06:37:30,-03:00,2025-01-15T06:37:30-03:00,0,63
contact/index.html,8,html,99002268,JingJun,2025-01-24,01:30:06,-03:00,2025-01-24T01:30:06-03:00,0,51
contact/index.html,9,html,278c1c96,JingJun,2025-01-24,09:30:54,-03:00,2025-01-24T09:30:54-03:00,0,3
contact/index.html,10,html,7d68fb65,JingJun,2025-01-24,06:26:42,-03:00,2025-01-24T06:26:42-03:00,0,33
contact/index.html,11,html,7d68fb65,JingJun,2025-01-24,06:26:42,-03:00,2025-01-24T06:26:42-03:00,0,7
contact/index.html,12,html,7d68fb65,JingJun,2025-01-24,06:26:42,-03:00,2025-01-24T06:26:42-03:00,0,45
contact/index.html,13,html,7d68fb65,JingJun,2025-01-24,06:26:42,-03:00,2025-01-24T06:26:42-03:00,0,37
contact/index.html,14,html,7d68fb65,JingJun,2025-01-24,06:26:42,-03:00,2025-01-24T06:26:42-03:00,0,35
contact/index.html,15,html,7d68fb65,JingJun,2025-01-24,06:26:42,-03:00,2025-01-24T06:26:42-03:00,0,8
contact/index.html,16,html,278c1c96,JingJun,2025-01-24,09:30:54,-03:00,2025-01-24T09:30:54-03:00,0,10
contact/index.html,17,html,1afbae47,JingJun,2025-01-15,07:35:14,-03:00,2025-01-15T07:35:14-03:00,0,0
contact/index.html,18,html,9bab1a8e,JingJun,2025-01-10,03:41:48,-03:00,2025-01-10T03:41:48-03:00,0,16
contact/index.html,19,html,b933b4e9,JingJun,2025-01-15,06:37:30,-03:00,2025-01-15T06:37:30-03:00,0,0
contact/index.html,20,html,0d21bfc0,JingJun,2025-01-24,03:17:56,-03:00,2025-01-24T03:17:56-03:00,0,3
contact/index.html,21,html,67574223,JingJun,2025-01-10,03:11:47,-03:00,2025-01-10T03:11:47-03:00,0,4
contact/index.html,22,html,8d394051,JingJun,2025-01-10,04:18:05,-03:00,2025-01-10T04:18:05-03:00,0,49
contact/index.html,23,html,8d394051,JingJun,2025-01-10,04:18:05,-03:00,2025-01-10T04:18:05-03:00,0,62
contact/index.html,24,html,35cf4de1,JingJun,2025-01-10,06:10:59,-03:00,2025-01-10T06:10:59-03:00,0,54
contact/index.html,25,html,99002268,JingJun,2025-01-24,01:30:06,-03:00,2025-01-24T01:30:06-03:00,0,49
contact/index.html,26,html,0d21bfc0,JingJun,2025-01-24,03:17:56,-03:00,2025-01-24T03:17:56-03:00,0,23
contact/index.html,27,html,0d21bfc0,JingJun,2025-01-24,03:17:56,-03:00,2025-01-24T03:17:56-03:00,0,9
contact/index.html,28,html,67574223,JingJun,2025-01-10,03:11:47,-03:00,2025-01-10T03:11:47-03:00,0,6
contact/index.html,29,html,67574223,JingJun,2025-01-10,03:11:47,-03:00,2025-01-10T03:11:47-03:00,0,5
contact/index.html,30,html,ef720f38,JingJun,2025-01-10,06:46:58,-03:00,2025-01-10T06:46:58-03:00,0,85
contact/index.html,31,html,9bab1a8e,JingJun,2025-01-10,03:41:48,-03:00,2025-01-10T03:41:48-03:00,0,36
contact/index.html,32,html,9bab1a8e,JingJun,2025-01-10,03:41:48,-03:00,2025-01-10T03:41:48-03:00,0,40
contact/index.html,33,html,9bab1a8e,JingJun,2025-01-10,03:41:48,-03:00,2025-01-10T03:41:48-03:00,0,38
contact/index.html,34,html,9bab1a8e,JingJun,2025-01-10,03:41:48,-03:00,2025-01-10T03:41:48-03:00,0,39
contact/index.html,35,html,9bab1a8e,JingJun,2025-01-10,03:41:48,-03:00,2025-01-10T03:41:48-03:00,0,35
contact/index.html,36,html,f02b9892,JingJun,2025-01-16,06:24:15,-03:00,2025-01-16T06:24:15-03:00,0,38
contact/index.html,37,html,f02b9892,JingJun,2025-01-16,06:24:15,-03:00,2025-01-16T06:24:15-03:00,0,36
contact/index.html,38,html,9f3e27fe,JingJun,2025-01-10,03:22:01,-03:00,2025-01-10T03:22:01-03:00,0,6
contact/index.html,39,html,f02b9892,JingJun,2025-01-16,06:24:15,-03:00,2025-01-16T06:24:15-03:00,0,0
contact/index.html,40,html,67574223,JingJun,2025-01-10,03:11:47,-03:00,2025-01-10T03:11:47-03:00,0,6
contact/index.html,41,html,67574223,JingJun,2025-01-10,03:11:47,-03:00,2025-01-10T03:11:47-03:00,0,6
CV/styleCV.css,1,css,9f3f1919,JingJun,2025-01-15,10:12:19,-03:00,2025-01-15T10:12:19-03:00,0,5
CV/styleCV.css,2,css,9f3f1919,JingJun,2025-01-15,10:12:19,-03:00,2025-01-15T10:12:19-03:00,0,33
CV/styleCV.css,3,css,9f3f1919,JingJun,2025-01-15,10:12:19,-03:00,2025-01-15T10:12:19-03:00,0,33
CV/styleCV.css,4,css,7d68fb65,JingJun,2025-01-24,06:26:42,-03:00,2025-01-24T06:26:42-03:00,0,18
CV/styleCV.css,5,css,9f3f1919,JingJun,2025-01-15,10:12:19,-03:00,2025-01-15T10:12:19-03:00,0,0
CV/styleCV.css,6,css,278c1c96,JingJun,2025-01-24,09:30:54,-03:00,2025-01-24T09:30:54-03:00,0,13
CV/styleCV.css,7,css,278c1c96,JingJun,2025-01-24,09:30:54,-03:00,2025-01-24T09:30:54-03:00,0,18
CV/styleCV.css,8,css,278c1c96,JingJun,2025-01-24,09:30:54,-03:00,2025-01-24T09:30:54-03:00,0,11
CV/styleCV.css,9,css,278c1c96,JingJun,2025-01-24,09:30:54,-03:00,2025-01-24T09:30:54-03:00,0,8
CV/styleCV.css,10,css,278c1c96,JingJun,2025-01-24,09:30:54,-03:00,2025-01-24T09:30:54-03:00,0,0
CV/styleCV.css,11,css,9f3f1919,JingJun,2025-01-15,10:12:19,-03:00,2025-01-15T10:12:19-03:00,0,0
CV/styleCV.css,12,css,2e67d58d,JingJun,2025-01-15,04:50:01,-03:00,2025-01-15T04:50:01-03:00,0,5
CV/styleCV.css,13,css,b933b4e9,JingJun,2025-01-15,06:37:30,-03:00,2025-01-15T06:37:30-03:00,0,44
CV/styleCV.css,14,css,b933b4e9,JingJun,2025-01-15,06:37:30,-03:00,2025-01-15T06:37:30-03:00,0,43
CV/styleCV.css,15,css,b933b4e9,JingJun,2025-01-15,06:37:30,-03:00,2025-01-15T06:37:30-03:00,0,1
CV/styleCV.css,16,css,b933b4e9,JingJun,2025-01-15,06:37:30,-03:00,2025-01-15T06:37:30-03:00,0,24
CV/styleCV.css,17,css,b933b4e9,JingJun,2025-01-15,06:37:30,-03:00,2025-01-15T06:37:30-03:00,0,15
CV/styleCV.css,18,css,b933b4e9,JingJun,2025-01-15,06:37:30,-03:00,2025-01-15T06:37:30-03:00,0,19
CV/styleCV.css,19,css,b933b4e9,JingJun,2025-01-15,06:37:30,-03:00,2025-01-15T06:37:30-03:00,0,12
CV/styleCV.css,20,css,7d68fb65,JingJun,2025-01-24,06:26:42,-03:00,2025-01-24T06:26:42-03:00,0,32
CV/styleCV.css,21,css,9f3f1919,JingJun,2025-01-15,10:12:19,-03:00,2025-01-15T10:12:19-03:00,0,0
CV/styleCV.css,22,css,9f3f1919,JingJun,2025-01-15,10:12:19,-03:00,2025-01-15T10:12:19-03:00,0,0
CV/styleCV.css,23,css,9f3f1919,JingJun,2025-01-15,10:12:19,-03:00,2025-01-15T10:12:19-03:00,0,11
CV/styleCV.css,24,css,9f3f1919,JingJun,2025-01-15,10:12:19,-03:00,2025-01-15T10:12:19-03:00,0,44
CV/styleCV.css,25,css,9f3f1919,JingJun,2025-01-15,10:12:19,-03:00,2025-01-15T10:12:19-03:00,0,58
CV/styleCV.css,26,css,7d68fb65,JingJun,2025-01-24,06:26:42,-03:00,2025-01-24T06:26:42-03:00,0,70
CV/styleCV.css,27,css,b933b4e9,JingJun,2025-01-15,06:37:30,-03:00,2025-01-15T06:37:30-03:00,0,0
CV/styleCV.css,28,css,2e67d58d,JingJun,2025-01-15,04:50:01,-03:00,2025-01-15T04:50:01-03:00,0,0
CV/styleCV.css,29,css,2e67d58d,JingJun,2025-01-15,04:50:01,-03:00,2025-01-15T04:50:01-03:00,0,4
CV/styleCV.css,30,css,b933b4e9,JingJun,2025-01-15,06:37:30,-03:00,2025-01-15T06:37:30-03:00,0,13
CV/styleCV.css,31,css,b933b4e9,JingJun,2025-01-15,06:37:30,-03:00,2025-01-15T06:37:30-03:00,0,18
CV/styleCV.css,32,css,b933b4e9,JingJun,2025-01-15,06:37:30,-03:00,2025-01-15T06:37:30-03:00,0,24
CV/styleCV.css,33,css,b933b4e9,JingJun,2025-01-15,06:37:30,-03:00,2025-01-15T06:37:30-03:00,0,26
CV/styleCV.css,34,css,7d68fb65,JingJun,2025-01-24,06:26:42,-03:00,2025-01-24T06:26:42-03:00,0,44
CV/styleCV.css,35,css,7d68fb65,JingJun,2025-01-24,06:26:42,-03:00,2025-01-24T06:26:42-03:00,0,40
CV/styleCV.css,36,css,7d68fb65,JingJun,2025-01-24,06:26:42,-03:00,2025-01-24T06:26:42-03:00,0,40
CV/styleCV.css,37,css,2e67d58d,JingJun,2025-01-15,04:50:01,-03:00,2025-01-15T04:50:01-03:00,0,0
CV/styleCV.css,38,css,2e67d58d,JingJun,2025-01-15,04:50:01,-03:00,2025-01-15T04:50:01-03:00,0,0
CV/styleCV.css,39,css,2e67d58d,JingJun,2025-01-15,04:50:01,-03:00,2025-01-15T04:50:01-03:00,0,2
CV/styleCV.css,40,css,b933b4e9,JingJun,2025-01-15,06:37:30,-03:00,2025-01-15T06:37:30-03:00,0,7
CV/styleCV.css,41,css,b933b4e9,JingJun,2025-01-15,06:37:30,-03:00,2025-01-15T06:37:30-03:00,0,21
CV/styleCV.css,42,css,b933b4e9,JingJun,2025-01-15,06:37:30,-03:00,2025-01-15T06:37:30-03:00,0,14
CV/styleCV.css,43,css,b933b4e9,JingJun,2025-01-15,06:37:30,-03:00,2025-01-15T06:37:30-03:00,0,18
CV/styleCV.css,44,css,b933b4e9,JingJun,2025-01-15,06:37:30,-03:00,2025-01-15T06:37:30-03:00,0,14
CV/styleCV.css,45,css,b933b4e9,JingJun,2025-01-15,06:37:30,-03:00,2025-01-15T06:37:30-03:00,0,0
CV/styleCV.css,46,css,b933b4e9,JingJun,2025-01-15,06:37:30,-03:00,2025-01-15T06:37:30-03:00,0,0
CV/styleCV.css,47,css,b933b4e9,JingJun,2025-01-15,06:37:30,-03:00,2025-01-15T06:37:30-03:00,0,18
CV/styleCV.css,48,css,7d68fb65,JingJun,2025-01-24,06:26:42,-03:00,2025-01-24T06:26:42-03:00,0,69
CV/styleCV.css,49,css,b933b4e9,JingJun,2025-01-15,06:37:30,-03:00,2025-01-15T06:37:30-03:00,0,0
CV/styleCV.css,50,css,9f3f1919,JingJun,2025-01-15,10:12:19,-03:00,2025-01-15T10:12:19-03:00,0,0
CV/styleCV.css,51,css,9f3f1919,JingJun,2025-01-15,10:12:19,-03:00,2025-01-15T10:12:19-03:00,0,8
CV/styleCV.css,52,css,9f3f1919,JingJun,2025-01-15,10:12:19,-03:00,2025-01-15T10:12:19-03:00,0,13
CV/styleCV.css,53,css,9f3f1919,JingJun,2025-01-15,10:12:19,-03:00,2025-01-15T10:12:19-03:00,0,30
CV/styleCV.css,54,css,9f3f1919,JingJun,2025-01-15,10:12:19,-03:00,2025-01-15T10:12:19-03:00,0,0
CV/styleCV.css,55,css,9f3f1919,JingJun,2025-01-15,10:12:19,-03:00,2025-01-15T10:12:19-03:00,0,0
CV/styleCV.css,56,css,9f3f1919,JingJun,2025-01-15,10:12:19,-03:00,2025-01-15T10:12:19-03:00,0,7
CV/styleCV.css,57,css,9f3f1919,JingJun,2025-01-15,10:12:19,-03:00,2025-01-15T10:12:19-03:00,0,13
CV/styleCV.css,58,css,9f3f1919,JingJun,2025-01-15,10:12:19,-03:00,2025-01-15T10:12:19-03:00,0,30
CV/styleCV.css,59,css,9f3f1919,JingJun,2025-01-15,10:12:19,-03:00,2025-01-15T10:12:19-03:00,0,0
CV/index.html,1,html,56122081,JingJun,2025-01-10,06:07:11,-03:00,2025-01-10T06:07:11-03:00,0,14
CV/index.html,2,html,56122081,JingJun,2025-01-10,06:07:11,-03:00,2025-01-10T06:07:11-03:00,0,15
CV/index.html,3,html,56122081,JingJun,2025-01-10,06:07:11,-03:00,2025-01-10T06:07:11-03:00,0,5
CV/index.html,4,html,56122081,JingJun,2025-01-10,06:07:11,-03:00,2025-01-10T06:07:11-03:00,0,21
CV/index.html,5,html,56122081,JingJun,2025-01-10,06:07:11,-03:00,2025-01-10T06:07:11-03:00,0,69
CV/index.html,6,html,56122081,JingJun,2025-01-10,06:07:11,-03:00,2025-01-10T06:07:11-03:00,0,20
CV/index.html,7,html,b933b4e9,JingJun,2025-01-15,06:37:30,-03:00,2025-01-15T06:37:30-03:00,0,63
CV/index.html,8,html,99002268,JingJun,2025-01-24,01:30:06,-03:00,2025-01-24T01:30:06-03:00,0,51
CV/index.html,9,html,278c1c96,JingJun,2025-01-24,09:30:54,-03:00,2025-01-24T09:30:54-03:00,0,3
CV/index.html,10,html,7d68fb65,JingJun,2025-01-24,06:26:42,-03:00,2025-01-24T06:26:42-03:00,0,33
CV/index.html,11,html,5e99c81b,JingJun,2025-01-24,06:36:15,-03:00,2025-01-24T06:36:15-03:00,0,7
CV/index.html,12,html,5e99c81b,JingJun,2025-01-24,06:36:15,-03:00,2025-01-24T06:36:15-03:00,0,45
CV/index.html,13,html,5e99c81b,JingJun,2025-01-24,06:36:15,-03:00,2025-01-24T06:36:15-03:00,0,37
CV/index.html,14,html,5e99c81b,JingJun,2025-01-24,06:36:15,-03:00,2025-01-24T06:36:15-03:00,0,35
CV/index.html,15,html,5e99c81b,JingJun,2025-01-24,06:36:15,-03:00,2025-01-24T06:36:15-03:00,0,8
CV/index.html,16,html,278c1c96,JingJun,2025-01-24,09:30:54,-03:00,2025-01-24T09:30:54-03:00,0,10
CV/index.html,17,html,b933b4e9,JingJun,2025-01-15,06:37:30,-03:00,2025-01-15T06:37:30-03:00,0,0
CV/index.html,18,html,56122081,JingJun,2025-01-10,06:07:11,-03:00,2025-01-10T06:07:11-03:00,0,31
CV/index.html,19,html,0d21bfc0,JingJun,2025-01-24,03:17:56,-03:00,2025-01-24T03:17:56-03:00,0,3
CV/index.html,20,html,35cf4de1,JingJun,2025-01-10,06:10:59,-03:00,2025-01-10T06:10:59-03:00,0,4
CV/index.html,21,html,35cf4de1,JingJun,2025-01-10,06:10:59,-03:00,2025-01-10T06:10:59-03:00,0,49
CV/index.html,22,html,35cf4de1,JingJun,2025-01-10,06:10:59,-03:00,2025-01-10T06:10:59-03:00,0,62
CV/index.html,23,html,35cf4de1,JingJun,2025-01-10,06:10:59,-03:00,2025-01-10T06:10:59-03:00,0,60
CV/index.html,24,html,99002268,JingJun,2025-01-24,01:30:06,-03:00,2025-01-24T01:30:06-03:00,0,49
CV/index.html,25,html,0d21bfc0,JingJun,2025-01-24,03:17:56,-03:00,2025-01-24T03:17:56-03:00,0,23
CV/index.html,26,html,0d21bfc0,JingJun,2025-01-24,03:17:56,-03:00,2025-01-24T03:17:56-03:00,0,9
CV/index.html,27,html,56122081,JingJun,2025-01-10,06:07:11,-03:00,2025-01-10T06:07:11-03:00,0,6
CV/index.html,28,html,56122081,JingJun,2025-01-10,06:07:11,-03:00,2025-01-10T06:07:11-03:00,0,5
CV/index.html,29,html,56122081,JingJun,2025-01-10,06:07:11,-03:00,2025-01-10T06:07:11-03:00,0,8
CV/index.html,30,html,56122081,JingJun,2025-01-10,06:07:11,-03:00,2025-01-10T06:07:11-03:00,0,28
CV/index.html,31,html,56122081,JingJun,2025-01-10,06:07:11,-03:00,2025-01-10T06:07:11-03:00,0,69
CV/index.html,32,html,59a04576,JingJun,2025-01-10,06:12:33,-03:00,2025-01-10T06:12:33-03:00,0,77
CV/index.html,33,html,56122081,JingJun,2025-01-10,06:07:11,-03:00,2025-01-10T06:07:11-03:00,0,9
CV/index.html,34,html,56122081,JingJun,2025-01-10,06:07:11,-03:00,2025-01-10T06:07:11-03:00,0,0
CV/index.html,35,html,56122081,JingJun,2025-01-10,06:07:11,-03:00,2025-01-10T06:07:11-03:00,0,8
CV/index.html,36,html,56122081,JingJun,2025-01-10,06:07:11,-03:00,2025-01-10T06:07:11-03:00,0,26
CV/index.html,37,html,56122081,JingJun,2025-01-10,06:07:11,-03:00,2025-01-10T06:07:11-03:00,0,15
CV/index.html,38,html,56122081,JingJun,2025-01-10,06:07:11,-03:00,2025-01-10T06:07:11-03:00,0,3
CV/index.html,39,html,56122081,JingJun,2025-01-10,06:07:11,-03:00,2025-01-10T06:07:11-03:00,0,41
CV/index.html,40,html,56122081,JingJun,2025-01-10,06:07:11,-03:00,2025-01-10T06:07:11-03:00,0,84
CV/index.html,41,html,56122081,JingJun,2025-01-10,06:07:11,-03:00,2025-01-10T06:07:11-03:00,0,14
CV/index.html,42,html,56122081,JingJun,2025-01-10,06:07:11,-03:00,2025-01-10T06:07:11-03:00,0,38
CV/index.html,43,html,56122081,JingJun,2025-01-10,06:07:11,-03:00,2025-01-10T06:07:11-03:00,0,84
CV/index.html,44,html,56122081,JingJun,2025-01-10,06:07:11,-03:00,2025-01-10T06:07:11-03:00,0,4
CV/index.html,45,html,56122081,JingJun,2025-01-10,06:07:11,-03:00,2025-01-10T06:07:11-03:00,0,9
CV/index.html,46,html,56122081,JingJun,2025-01-10,06:07:11,-03:00,2025-01-10T06:07:11-03:00,0,0
CV/index.html,47,html,56122081,JingJun,2025-01-10,06:07:11,-03:00,2025-01-10T06:07:11-03:00,0,0
CV/index.html,48,html,56122081,JingJun,2025-01-10,06:07:11,-03:00,2025-01-10T06:07:11-03:00,0,0
CV/index.html,49,html,56122081,JingJun,2025-01-10,06:07:11,-03:00,2025-01-10T06:07:11-03:00,0,0
CV/index.html,50,html,56122081,JingJun,2025-01-10,06:07:11,-03:00,2025-01-10T06:07:11-03:00,0,6
CV/index.html,51,html,56122081,JingJun,2025-01-10,06:07:11,-03:00,2025-01-10T06:07:11-03:00,0,6
